"country.code","country.name","1990","1991","1992","1993","1994","1995","1996","1997","1998","1999","2000","2001","2002","2003","2004","2005","2006","2007","2008","2009","2010","2011","2012","2013","2014","avg.change","country.three.letter.code"
8,"Albania",NA,NA,NA,NA,NA,NA,85.6,NA,NA,NA,94.4,96.3,NA,96.7,NA,NA,NA,NA,NA,NA,NA,NA,NA,NA,NA,1.69230769230773,"ALB"
12,"Algeria",76.7,75.3,77.7,76.8,75.4,76.3,79.3,79.9,NA,79.6,77.3,83.7,86.1,88.3,90.6,92.9,83.3,93.4,NA,89,92.6,95.5,100.2,105.5,NA,1.1150091316619,"DZA"
24,"Angola",NA,34.2,NA,NA,NA,NA,NA,NA,NA,NA,NA,NA,NA,NA,NA,NA,NA,NA,46,45.5,46.8,54.3,NA,NA,NA,0.787517934002892,"AGO"
28,"Antigua and Barbuda",NA,NA,96.7,NA,NA,NA,NA,NA,NA,NA,NA,NA,NA,NA,NA,NA,NA,NA,102.5,95.5,102.3,99.7,NA,NA,NA,0.181600000000007,"ATG"
32,"Argentina",NA,NA,NA,NA,98.5,NA,93.6,92.3,100.5,99.1,99,98.8,102.9,101,99.8,97.9,100,102.7,105.8,106,107.3,109.3,110.2,NA,NA,0.767890314020328,"ARG"
51,"Armenia",NA,NA,NA,NA,106,NA,NA,95.5,NA,NA,NA,NA,93.7,89.4,100.1,92.1,92.2,98.6,100.1,NA,NA,NA,NA,NA,NA,-0.396143958868902,"ARM"
533,"Aruba",NA,NA,NA,NA,NA,NA,NA,NA,NA,101.6,97.2,94.3,94.8,90.2,90.6,88.2,93.1,95.6,95.1,96.3,94.7,NA,NA,NA,NA,-0.238111888111807,"ABW"
40,"Austria",NA,NA,NA,NA,NA,NA,NA,NA,101.3,101.3,NA,NA,99.3,99.9,97.7,97.8,100,102.5,100.3,98.9,98.6,97.2,97.2,98.3,NA,-0.198406273716169,"AUT"
31,"Azerbaijan",NA,NA,NA,95.8,91.2,89.8,81.6,99,95.2,92.2,89.5,95.2,97.6,92.7,95.6,93.4,91.6,98.1,90.7,91.8,89.5,92.8,92,NA,NA,0.0221804511278228,"AZE"
48,"Bahrain",NA,103,100.9,99.7,94.6,93.9,92,NA,94.4,99.1,NA,NA,NA,NA,NA,NA,NA,NA,NA,NA,NA,NA,NA,NA,NA,-0.769369369369368,"BHR"
50,"Bangladesh",NA,NA,NA,NA,NA,NA,NA,NA,NA,NA,NA,NA,NA,NA,NA,63.8,NA,NA,57.5,64,66.5,74.6,NA,NA,NA,1.58301886792474,"BGD"
52,"Barbados",NA,NA,NA,NA,NA,NA,NA,NA,NA,95.3,99.1,107.3,103.9,106.4,97,91.1,93.9,92.9,96.1,98.5,99.8,104,NA,NA,NA,-0.181318681318667,"BRB"
112,"Belarus",94.2,93.6,88.9,95.1,96.8,94.2,93.6,93.6,NA,96.2,100,104.7,130.6,102,101.8,97.9,96.7,95.3,98.1,104.8,105.9,106.9,103.3,99.8,NA,0.493496712035477,"BLR"
56,"Belgium",NA,79.1,NA,NA,NA,NA,NA,NA,NA,NA,NA,NA,NA,NA,NA,NA,85.9,86.1,86.7,88.5,90.6,NA,90,90.1,NA,0.525903614457802,"BEL"
84,"Belize",NA,NA,93.8,NA,NA,88.9,95.7,NA,NA,98.9,100.8,103,NA,102.2,103.7,105.3,104.8,106.8,102.4,107.4,108.3,111.5,116.1,109.1,NA,0.980576488319513,"BLZ"
204,"Benin",18.7,21.2,21.5,23.6,25.5,29.9,32,34.4,37.1,NA,37.3,41,43,47.2,50.8,NA,NA,NA,62,NA,64.8,69.5,70.5,75.7,NA,2.44696256796319,"BEN"
60,"Bermuda",NA,NA,NA,NA,NA,NA,NA,NA,NA,NA,NA,96.7,102.5,100.4,95.4,95.4,93.6,NA,NA,NA,99.9,90.7,87.8,88.9,NA,-0.821181147075547,"BMU"
64,"Bhutan",NA,NA,NA,24,28.4,NA,NA,NA,46.7,50.3,51,52.2,NA,NA,62.8,69.1,74.3,75.9,81.7,84,90.4,91.6,101.3,98.4,NA,3.773993217465,"BTN"
68,"Bolivia",70.2,73.1,67.7,81.2,82.5,84.5,83.9,87.3,83.7,94.8,96,95.8,99.2,98,NA,NA,99.1,96.1,97.1,92.3,92.9,92.3,93.4,89.4,NA,0.928788671199252,"BOL"
72,"Botswana",88.5,89,89.7,89,93.4,89.8,91.4,NA,91.4,89.2,89.1,91.5,92.8,93,93,93.3,96.5,92.7,93.6,94.7,NA,NA,97.7,NA,NA,0.326687402799387,"BWA"
92,"British Virgin Islands",NA,NA,NA,NA,NA,NA,NA,NA,NA,NA,NA,NA,99.7,90.6,97,90.8,89.6,75.9,NA,69.9,NA,78.4,84,88.3,NA,-1.42138643067845,"VGB"
100,"Bulgaria",99.5,89.6,87.9,86.4,88.6,88.3,90.7,94.7,94.1,96.3,96.6,102.6,97.9,99.6,100.4,99.2,97.4,97.5,89.7,94.2,105.1,104.4,98.2,96.9,NA,0.44086956521744,"BGR"
854,"Burkina Faso",19.5,20,26.7,26.2,27.1,18.6,22.6,NA,NA,23.5,25.4,26.7,27.5,29.1,30.4,31.7,32.8,35,38.9,43.9,47,NA,57.6,62.7,NA,1.43184979137692,"BFA"
108,"Burundi",40.6,44.8,47.7,50.8,NA,NA,NA,NA,NA,NA,23.9,24.3,24.8,29.3,31.6,33.8,NA,38.5,41.3,47.8,50.8,55.5,62.2,70,NA,0.608982683982693,"BDI"
116,"Cambodia",NA,NA,NA,NA,44.9,42.5,NA,16.9,32.2,41,NA,51.2,59.4,65.9,76.5,85.8,89.1,92.4,89.1,88,91.3,93.4,98.1,97.3,NA,4.02516955538804,"KHM"
120,"Cameroon",55.6,54.3,NA,NA,NA,NA,NA,NA,NA,47.8,48.7,NA,NA,55.3,57.1,NA,49.5,52.6,68,67.7,69.8,69.1,72.8,NA,72,0.87695423248277,"CMR"
124,"Canada",NA,NA,NA,NA,NA,NA,NA,NA,94.2,95.7,97.4,NA,NA,NA,NA,NA,96.5,NA,NA,NA,NA,NA,NA,NA,NA,0.18193548387097,"CAN"
140,"Central African Republic",30.2,28,22.5,NA,NA,NA,NA,NA,NA,NA,NA,NA,NA,NA,24.6,27,27.1,NA,36.4,39.1,41.2,43,45.3,NA,NA,0.677672548002055,"CAF"
148,"Chad",16.6,18.2,NA,NA,18.2,14.3,14.9,15.5,NA,20.1,22.2,24.5,27.3,32.1,33.6,30.2,29.8,NA,NA,31.5,31.3,34.6,35.3,38.8,NA,1.03563474387525,"TCD"
152,"Chile",NA,NA,NA,NA,NA,NA,NA,83.2,NA,NA,NA,NA,NA,NA,NA,NA,NA,NA,NA,NA,NA,94.8,97.3,96.7,NA,0.872035139092238,"CHL"
156,"China",105.9,105.9,99.6,99.4,99.8,93.9,88.8,87.3,NA,NA,NA,NA,NA,NA,NA,NA,NA,NA,NA,NA,NA,NA,NA,NA,NA,-2.76666666666649,"CHN"
170,"Colombia",73.6,72.9,81.8,82.9,82.6,86.4,87.6,NA,93.4,94.9,94.9,92.2,92.6,NA,100,103.6,109.4,110.8,110.4,114.6,113.4,NA,NA,NA,NA,1.98071808510633,"COL"
174,"Comoros",NA,NA,44.2,38.6,46.3,NA,NA,NA,NA,52.8,NA,NA,65.9,65.5,71.3,NA,NA,71.3,79.8,NA,NA,NA,NA,73.8,NA,1.91961231470916,"COM"
184,"Cook Islands",NA,NA,NA,NA,NA,NA,NA,NA,97.6,87.9,NA,NA,NA,NA,NA,NA,NA,112,NA,NA,100,100.3,103.8,99.3,NA,0.581621287128671,"COK"
188,"Costa Rica",74.8,79.5,81.4,83.3,81.7,80.3,81.3,NA,NA,81.2,86.7,90.3,93.1,NA,94.7,93.9,90.2,92.1,93.3,95.9,95.9,98.7,95.2,90,NA,0.833108050303705,"CRI"
384,"Cote d'Ivoire",42.1,46,41.8,43,43,41.6,43,40.6,40.9,44.1,44.9,51.6,NA,NA,NA,NA,47.8,49,NA,50.3,NA,59.1,61.2,60.5,NA,0.771486577938224,"CIV"
191,"Croatia",NA,NA,NA,NA,83.7,80.8,85.5,87,92.8,92.1,93.2,95.8,97.1,94.5,NA,98.6,98.1,101.3,97.2,93.1,91.4,93.7,93.2,NA,NA,0.599931647300069,"HRV"
192,"Cuba",93.8,94,86.4,83.3,95.7,95.9,96.5,NA,NA,94.1,95.9,95.6,100.2,95.2,91.5,91.4,90.2,91.6,88.5,97.4,98.1,98.4,95.6,93.2,NA,0.141711186330076,"CUB"
196,"Cyprus",78.6,83.3,82.7,100.8,104.2,99.7,97.2,98.9,NA,100.7,97.7,98,100.5,101.2,87.6,100.1,101.1,100,100.2,103.2,99.3,101.7,100.1,NA,NA,0.560964773087923,"CYP"
203,"Czech Republic",NA,NA,NA,98.1,105.5,105.9,109.6,NA,NA,99.6,99.2,99.1,103.3,98.1,98.4,97.8,93.5,96.2,100,105.7,108.9,105.8,102.5,101,NA,-0.0341947565542927,"CZE"
208,"Denmark",95.4,97.8,97.1,99.3,96.9,NA,NA,NA,101.7,101.5,100.2,101.4,105.5,NA,100.7,100.4,102.1,101.8,101,98,99.1,99.7,98.5,99.6,NA,0.105077844311377,"DNK"
262,"Djibouti",28.4,24.5,27.5,24.5,27.5,29.6,26.9,24.1,NA,22.7,25.9,25.4,NA,NA,NA,31.7,36.8,NA,46.1,NA,NA,52.5,NA,52,60.6,1.30820479354534,"DJI"
212,"Dominica",NA,NA,NA,NA,NA,NA,NA,NA,NA,123,119,119.9,104.6,100.3,102.6,102.1,92.4,94,89.3,85.3,82.6,92.5,104,102.7,NA,-1.91714285714284,"DMA"
214,"Dominican Republic",NA,NA,NA,NA,62,NA,NA,NA,NA,71.9,77.1,NA,89.6,NA,85.4,NA,82.9,90.1,NA,91.9,90.8,90.6,90.3,90.4,NA,1.40914036996744,"DOM"
218,"Ecuador",NA,NA,NA,NA,97.3,95.2,94.4,97.1,NA,97.6,97.5,98.1,98.3,98.2,98.2,102.9,102.8,102.7,NA,NA,102.3,108.5,110.9,110.6,NA,0.772366828087144,"ECU"
818,"Egypt",NA,NA,NA,NA,NA,NA,NA,93.2,NA,98.4,97.2,95.9,95.5,96.8,99.1,101.1,96.3,100.2,NA,103.2,105.9,NA,107,110.5,NA,0.915619307832416,"EGY"
222,"El Salvador",NA,63,64,66.1,NA,67,71.4,NA,74.5,NA,83,82.2,81.7,81.7,NA,84.4,84.3,88.3,89.9,92.8,95.4,99.7,101,100.6,NA,1.72351702351694,"SLV"
226,"Equatorial Guinea",NA,NA,NA,NA,53.1,NA,NA,NA,NA,NA,47.7,NA,NA,38.3,NA,47.1,NA,NA,45.9,49.3,52.5,51.8,54.8,NA,NA,0.178815580286161,"GNQ"
233,"Estonia",NA,NA,NA,NA,NA,79.5,90.8,NA,88.8,92.5,94.3,99.5,102.7,107.7,105.1,106.9,99.8,98.4,96.8,97.6,96.2,94.3,96.4,98.4,NA,0.513463393718507,"EST"
231,"Ethiopia",NA,NA,NA,NA,14.1,14,15,NA,17.2,19.9,22.5,27.9,31.7,34.9,37.6,43.4,47.2,NA,NA,NA,NA,NA,NA,NA,NA,2.88156748911493,"ETH"
242,"Fiji",NA,NA,105.1,NA,103,102.6,101.8,103.3,103.7,100.1,95.3,97.1,101.8,NA,108.7,NA,111,NA,105.7,105,NA,103.3,103.6,NA,NA,0.168174061433446,"FJI"
246,"Finland",101.8,97.4,96.7,96.1,97.2,100.6,101.4,100.5,98.2,96,96.3,102.3,101,102.1,100.3,100.4,96.9,98.2,98.6,97.4,98,97.4,99.3,99.1,NA,-0.00617391304346921,"FIN"
250,"France",111.2,109.8,108.3,NA,NA,NA,NA,NA,NA,96.8,97.3,NA,NA,NA,NA,NA,NA,NA,NA,NA,NA,NA,NA,NA,NA,-1.48385650224218,"FRA"
266,"Gabon",NA,NA,60.3,NA,NA,66.9,67.7,69.9,NA,NA,NA,NA,74.4,72.4,NA,NA,NA,NA,NA,NA,NA,NA,NA,NA,NA,1.09050279329614,"GAB"
268,"Georgia",NA,NA,NA,NA,NA,84.3,85.8,85.5,NA,84.1,98.1,101,98.1,89.8,95.8,85.8,84.6,94.7,102.2,109.9,115.7,NA,108.1,108.6,NA,1.41111111111106,"GEO"
276,"Germany",NA,NA,NA,96,92.6,92.8,94.2,96.7,NA,100,102.5,103.5,99.1,98,96.9,94.9,97.1,102.4,101.3,101.8,101.1,100.4,98,98.3,NA,0.268773109243697,"DEU"
288,"Ghana",NA,65.6,67.7,NA,NA,NA,NA,NA,NA,68.7,71.8,68,69.3,70.1,68.8,74.5,71.2,77.4,83.7,85.7,NA,92.9,98.2,98.5,96.7,1.52999669639906,"GHA"
300,"Greece",NA,NA,99.4,NA,NA,NA,NA,NA,NA,NA,NA,NA,NA,NA,101.9,100.4,103.8,101.9,NA,NA,100.3,98.2,101.3,NA,NA,0.0251008516360397,"GRC"
308,"Grenada",NA,NA,NA,NA,NA,NA,NA,NA,NA,92.9,NA,NA,91.4,100.3,NA,102.3,NA,97.6,110.5,121.1,111.5,NA,NA,94.5,NA,1.0770622286541,"GRD"
320,"Guatemala",NA,NA,NA,NA,NA,NA,48.1,NA,NA,53.1,57.8,60.4,64.1,NA,70,73.8,76.8,77.5,80.3,83.8,85.9,87.7,86.1,85.6,NA,2.51495649021015,"GTM"
324,"Guinea",20,17.7,17.2,19.1,19.8,19.3,29.2,NA,24.4,28.2,31.1,33.2,37.5,37.9,48.1,54.6,59.3,59.5,52.2,58.4,58.5,NA,61.5,62,NA,2.32282437401497,"GIN"
624,"Guinea-Bissau",NA,NA,NA,NA,NA,NA,NA,NA,NA,NA,28.7,NA,NA,NA,NA,NA,NA,NA,NA,NA,64,NA,NA,NA,NA,3.52999999999997,"GNB"
328,"Guyana",NA,NA,97.4,97.2,NA,81,82.6,87.4,NA,101.4,101.9,85.8,NA,77.7,NA,103.1,103.6,99.1,97.6,98.6,90.7,91.6,85.3,NA,NA,0.151314651444382,"GUY"
340,"Honduras",NA,64.1,67.3,69.2,70.8,69.9,70.9,71.4,72.2,NA,NA,NA,NA,80.3,NA,81.6,88.8,NA,89.9,93.1,98.2,101,100.1,93.1,NA,1.59409907722196,"HND"
348,"Hungary",81.9,79.5,85.2,89.9,NA,NA,NA,97.9,98.5,96,96.4,98,99.4,96.2,94.6,93.8,98.6,95.7,97.8,98.2,98.6,NA,98.8,98.3,NA,0.638552915766738,"HUN"
352,"Iceland",NA,NA,NA,NA,NA,NA,NA,NA,89.6,90,97.6,107.9,103,108,98.5,100.1,99.5,97.4,96.3,99.8,97.7,98.5,96.7,NA,NA,0.101785714285793,"ISL"
356,"India",NA,NA,NA,NA,NA,73.9,NA,NA,NA,70,72.9,73.7,77.2,81.8,NA,NA,NA,NA,98.3,99.6,NA,96.5,NA,NA,NA,2.1195431472081,"IND"
360,"Indonesia",94.8,91.7,90.1,93.6,96.1,96,94.9,95.5,NA,NA,NA,95,96.6,97.4,97.4,96,94.2,98.4,98.7,100.7,102.7,99.7,104.5,NA,NA,0.392892993374825,"IDN"
368,"Iraq",NA,NA,NA,59.3,NA,NA,NA,NA,NA,56.6,55.5,NA,NA,NA,79.1,NA,NA,66.3,NA,NA,NA,NA,NA,NA,NA,1.04876325088346,"IRQ"
372,"Ireland",NA,NA,103.1,104,102.2,101.1,NA,NA,94.6,95.9,94.6,91.6,94.1,97.3,97.9,95.3,NA,NA,NA,NA,NA,NA,NA,NA,NA,-0.688284839203738,"IRL"
376,"Israel",NA,NA,NA,NA,NA,NA,NA,NA,NA,NA,NA,NA,104.5,104.6,108.1,104.1,102.7,103.5,100.2,103.3,101.6,101,106.1,102,NA,-0.271678321678359,"ISR"
380,"Italy",99.8,97.6,98.7,NA,101,99.9,100.5,97.1,NA,101.4,101.9,104.4,102.4,102.1,100,98.1,98.9,101.2,104.5,102.1,102.2,102.7,98.8,NA,NA,0.118389631595063,"ITA"
388,"Jamaica",97,94.2,NA,90.6,NA,NA,NA,NA,NA,NA,87.9,81.9,87.9,NA,88,NA,NA,NA,NA,NA,NA,NA,NA,NA,NA,-0.697421203438384,"JAM"
392,"Japan",103.4,103.3,101.2,NA,98.9,NA,NA,NA,103.1,102.7,102.4,102.7,99.4,99.1,100.9,101.1,100.9,104.3,NA,101.4,100.6,102.1,102.1,NA,NA,-0.0262585969738643,"JPN"
400,"Jordan",95.7,97.6,97.5,96.1,98.8,NA,95.5,NA,NA,97.8,101,NA,98,101,101.2,104.1,101.2,105.8,105.4,NA,NA,92.8,NA,NA,NA,0.262403353516535,"JOR"
398,"Kazakhstan",NA,NA,NA,NA,108.3,104.3,NA,102.2,98.2,NA,94.9,97.3,98.6,99.9,106.8,107.6,103.5,99.8,102.5,101.8,103.1,108.4,101.5,102.2,NA,0.06973873097903,"KAZ"
404,"Kenya",NA,NA,NA,NA,NA,NA,NA,NA,NA,NA,NA,NA,NA,NA,88.8,90.7,NA,NA,NA,NA,NA,NA,NA,NA,NA,1.90000000000028,"KEN"
296,"Kiribati",102.8,113.5,112.8,108.5,110.7,113,125.1,127.6,NA,110.9,102.1,119.4,111.2,115.7,116,117.1,114.7,124.4,115.2,NA,NA,NA,NA,NA,NA,0.405165511180535,"KIR"
414,"Kuwait",NA,NA,57,NA,85.6,81,119.4,117,NA,114.8,114.6,101.2,106.7,110,110,118,NA,107.8,NA,NA,NA,NA,NA,NA,NA,2.48057750759879,"KWT"
417,"Kyrgyzstan",NA,NA,NA,NA,NA,103.4,99.7,NA,NA,93.6,93.4,93.3,93.5,90.8,93.4,98.4,102,96.9,94.9,97.2,96.6,95.8,97.7,103,NA,0.0697374938088122,"KGZ"
428,"Latvia",NA,NA,NA,NA,NA,73.8,73.7,88.2,NA,94.9,96.2,100,98.4,101.4,95.4,91.5,91,92.3,92,91.3,96.3,98.7,103.3,106.1,NA,1.00507518796993,"LVA"
422,"Lebanon",NA,NA,NA,NA,NA,NA,NA,97.9,103.3,120.1,115.4,111.8,103.4,98.4,91.1,83.1,80.5,82.2,84.8,84,86.8,84.7,86.2,89.3,NA,-1.84779411764697,"LBN"
426,"Lesotho",59.6,60.3,63,62.9,65.3,69.2,66.9,66.4,66.6,65.2,63.7,65.6,66.4,67.9,69.7,64.1,80.4,75,72,71.4,73.1,72.6,72.5,74.1,NA,0.568217391304363,"LSO"
430,"Liberia",NA,NA,NA,NA,NA,NA,NA,NA,NA,NA,NA,NA,NA,NA,NA,NA,64.7,NA,61.2,60.4,NA,65.2,NA,NA,58.8,-0.459139784946255,"LBR"
438,"Liechtenstein",NA,NA,NA,NA,NA,NA,NA,NA,NA,NA,NA,NA,NA,90.4,109,NA,101.8,102.9,103.6,94.6,111.1,100.7,102.2,NA,NA,0.487352941176494,"LIE"
440,"Lithuania",NA,NA,NA,NA,NA,93.3,97.6,99.3,NA,97.3,97.7,104,105.3,107.7,101.7,94.4,97,100.5,97.1,101.5,105.3,101,98.2,96.4,NA,0.10557644110277,"LTU"
442,"Luxembourg",NA,NA,NA,NA,NA,NA,NA,NA,NA,NA,NA,NA,NA,NA,NA,NA,NA,NA,NA,NA,84,84.4,85.3,NA,NA,0.650000000000357,"LUX"
450,"Madagascar",35,34.7,32.6,34.2,31.5,31,30.7,NA,30.2,33,35.9,35.6,35.7,39.6,45.5,57.8,56.7,60.9,67.3,74,70.5,71,69.5,68.5,NA,2.05676706208596,"MDG"
454,"Malawi",28.2,31.6,35.6,38.6,42,55.8,65.2,NA,NA,67.1,65.2,65.3,67.6,NA,58,57.7,57.6,58.7,63.5,65.3,67.7,70.6,74.2,75.3,NA,1.54937975874754,"MWI"
458,"Malaysia",87.9,89.2,NA,92.1,NA,NA,NA,NA,97.1,95,NA,NA,92.2,92.5,96.9,100.5,NA,NA,NA,NA,NA,NA,NA,NA,NA,0.537752525252526,"MYS"
462,"Maldives",NA,NA,NA,NA,NA,NA,NA,121.7,NA,NA,NA,183.6,193.3,189.1,187.3,143.9,132.3,NA,NA,NA,NA,NA,NA,NA,NA,1.39015957446848,"MDV"
466,"Mali",NA,NA,NA,NA,NA,NA,NA,NA,NA,NA,33.1,37.4,38.6,42,44.1,45.8,51.4,54.6,57.2,58.7,61.7,62.4,58.7,58.8,NA,2.26571428571432,"MLI"
470,"Malta",94.1,92,93.9,96,94.8,90.1,89.7,87.8,88.9,90.9,94.2,94,96.2,96.3,95.5,93.3,97.6,94.2,95.4,87.6,90.8,92,87.5,NA,NA,-0.044268774703557,"MLT"
584,"Marshall Islands",NA,NA,NA,NA,NA,NA,NA,NA,NA,92.5,NA,NA,114.3,103.7,NA,110.2,114.7,117,114.3,109.1,NA,99.8,NA,NA,NA,0.708415841584183,"MHL"
478,"Mauritania",28.8,32.4,31.3,32.8,32.4,33.3,34.1,38.4,43.7,44.9,NA,45.1,42.7,NA,NA,42.5,43.6,55,NA,67.4,NA,NA,68.7,70.9,NA,1.72024608501124,"MRT"
480,"Mauritius",113.6,114.1,109.7,102,97.5,95.9,93.8,93.8,97.4,102.6,102.8,102.4,99.8,101.7,99.2,100.8,98.1,100.7,100.5,98.5,103.6,102.3,99.3,101.5,NA,-0.222695652173888,"MUS"
484,"Mexico",86.6,86.2,87.9,89,90.5,93.3,94.9,94.9,NA,94.6,95,95.1,96,95.4,96.5,96.6,96.3,96.5,95.2,92.9,92.7,92.7,99.1,103.2,NA,0.407914054136716,"MEX"
496,"Mongolia",NA,NA,NA,NA,NA,74.7,79.6,77.1,88.6,86.8,86.9,92,99.4,101,97.8,96.2,NA,NA,NA,NA,NA,NA,NA,NA,NA,2.53454545454529,"MNG"
499,"Montenegro",NA,NA,NA,NA,NA,NA,NA,NA,NA,NA,NA,NA,NA,NA,NA,NA,NA,NA,NA,NA,NA,75.1,101,NA,NA,25.8999999999956,"MNE"
504,"Morocco",50.2,46.7,45.3,45.6,45.8,47.4,48.1,49.8,53,54.9,57.7,59.2,61.6,65.9,73.4,78,81.6,81.8,80.4,79.8,83.9,88.9,99.3,98.9,100.7,2.47469230769231,"MAR"
508,"Mozambique",26.5,26.7,24.9,24.9,25.4,25.9,NA,NA,NA,14,16.1,18.8,22.2,NA,29.3,41.2,41,45.6,58.7,56.3,60.3,55.7,52.2,49.2,NA,1.60847095936165,"MOZ"
516,"Namibia",NA,NA,74.1,NA,72,69.4,77.6,NA,95.9,94.5,91.2,93.8,92.4,92.8,85.3,85.3,82.4,NA,78.7,84.3,81.2,NA,85.4,NA,NA,0.36397849462365,"NAM"
524,"Nepal",NA,54.8,60.1,NA,NA,NA,NA,NA,NA,66.4,69.5,69.9,75.7,77.4,77.5,80.7,81.1,NA,81.9,NA,NA,NA,101,99.8,101.6,2.02859728506791,"NPL"
528,"Netherlands",NA,NA,NA,NA,NA,NA,NA,NA,NA,99.6,98.5,98.9,101.2,NA,NA,NA,NA,NA,NA,NA,NA,NA,NA,NA,NA,0.520000000000005,"NLD"
558,"Nicaragua",39.2,42.2,44.4,48.7,53.7,49.2,NA,NA,NA,66.9,65.8,66.2,72.8,71.6,71.4,74,74.7,75.7,75.4,NA,80.4,NA,NA,NA,NA,2.06742424242422,"NIC"
562,"Niger",17,18.1,19,16.9,NA,14.2,14.6,18.8,19.8,20.4,19.2,20.2,21.9,21.3,27.6,30.5,33.3,40.4,38.9,41.1,40.9,45.5,49.3,49.6,NA,1.54443027888448,"NER"
566,"Nigeria",NA,NA,NA,NA,NA,NA,NA,NA,NA,NA,NA,NA,NA,NA,79.5,82.6,90.6,80.5,69.4,73.3,76,NA,NA,NA,NA,-1.79642857142818,"NGA"
570,"Niue",NA,NA,NA,NA,NA,NA,NA,NA,97.9,85.4,NA,105,NA,NA,115.4,NA,NA,NA,NA,NA,NA,NA,NA,NA,NA,3.97857142857155,"NIU"
578,"Norway",95.2,100,101.3,100,NA,NA,NA,NA,97.7,97.7,98,101.6,102.8,103.6,102.7,100.2,97.6,98,99.4,101.4,99.4,97.7,99.3,100.4,NA,0.0364122608516803,"NOR"
512,"Oman",65,NA,73.8,NA,71.7,74.3,76.9,79.6,82.1,84.5,83.5,85.1,87.9,88.4,NA,NA,NA,NA,NA,93.3,NA,100.8,103.7,97.6,NA,1.47025806451612,"OMN"
586,"Pakistan",NA,NA,NA,NA,NA,NA,NA,NA,NA,NA,NA,NA,NA,NA,NA,61.2,60.4,60.6,60.7,62.2,66.9,66.6,71.9,73.1,NA,1.67166666666666,"PAK"
585,"Palau",NA,NA,NA,NA,NA,NA,NA,NA,NA,NA,98.8,NA,NA,NA,104.5,NA,NA,NA,NA,NA,NA,NA,NA,108.4,95.5,0.0596802841918279,"PLW"
591,"Panama",NA,NA,NA,NA,NA,NA,NA,NA,NA,89.3,91.5,91.6,91.9,NA,92.4,91.8,89.2,93.2,96.2,96,92,96,97.7,96.4,NA,0.468322324966974,"PAN"
598,"Papua New Guinea",45.1,43.3,44.1,NA,50.1,50,51.5,49.9,51.3,NA,55.1,55.7,56.7,58.1,NA,NA,NA,NA,NA,NA,NA,NA,78.1,NA,NA,1.43635057471265,"PNG"
600,"Paraguay",65.2,68.4,71.8,75,74.6,76.6,81.1,NA,91.7,88.9,91.9,91.8,93.4,95.8,94.4,94.8,94,94.5,94.2,93.4,90.8,86,83.7,NA,NA,1.07046035805626,"PRY"
604,"Peru",NA,NA,NA,87.8,NA,89.4,NA,NA,98.3,103.2,101.9,97.3,96.8,101.5,101,100.6,101.2,103,101.4,97.9,99,96.1,91,92.5,NA,0.125471698113218,"PER"
608,"Philippines",89.2,NA,NA,NA,NA,NA,NA,NA,84.7,86.4,NA,100.4,94.5,95.2,94,93.9,91.5,91.3,92,91.3,NA,NA,NA,93.7,NA,0.221537581075923,"PHL"
616,"Poland",96.9,95.2,96.3,98.4,95,94.6,97.5,98.8,97.3,96.5,95.5,97.1,97,98.3,98.9,96.2,95.5,95.3,NA,94.8,95.4,95.5,NA,97.7,NA,-0.0198189878093815,"POL"
634,"Qatar",73,73.6,67.4,67.4,68.5,64.3,55.6,NA,90.8,92,NA,NA,NA,105.1,NA,99.3,NA,NA,NA,NA,NA,NA,NA,NA,NA,2.59786324786314,"QAT"
642,"Romania",88.4,NA,NA,83.5,NA,92.5,90.7,93,NA,89,89.6,90.4,89.2,95.7,102,105.7,99.6,NA,91.5,92.8,94.4,97.3,93.7,NA,NA,0.437685483237816,"ROU"
646,"Rwanda",43.1,43.5,46.6,NA,NA,NA,NA,NA,NA,29.4,23.1,24.5,31.1,42.6,43.3,NA,NA,NA,43.2,53.6,52.8,NA,57.7,59.3,NA,0.718916349809908,"RWA"
659,"Saint Kitts and Nevis",NA,NA,118.2,NA,NA,NA,NA,NA,NA,NA,103.2,103.2,107.3,96.5,107,106.9,NA,93.1,84.6,93.6,88.8,93,92.6,89.7,NA,-1.40247933884298,"KNA"
662,"Saint Lucia",123.9,116.8,NA,119.9,NA,NA,NA,NA,NA,NA,NA,NA,105.3,104.7,103.8,99.5,106.9,107.6,NA,NA,NA,NA,NA,NA,NA,-1.10418674698795,"LCA"
670,"Saint Vincent and the Grenadines",NA,NA,NA,NA,NA,NA,NA,NA,NA,NA,NA,NA,NA,93,102.2,NA,NA,NA,109.3,NA,94.1,87.7,98.9,107.5,NA,0.172968750000056,"VCT"
882,"Samoa",NA,NA,NA,NA,95.1,94.3,93,99,97.6,95.1,94,92.2,96.8,100.1,98.3,105.7,105.7,110.4,NA,104.6,106.5,104.2,102.4,NA,NA,0.751292795094532,"WSM"
674,"San Marino",NA,NA,NA,NA,NA,NA,NA,NA,NA,NA,NA,NA,NA,NA,NA,NA,NA,NA,NA,91.6,101.2,93.5,95.3,NA,NA,0.340000000000003,"SMR"
678,"Sao Tome and Principe",77.4,NA,NA,NA,NA,NA,NA,NA,NA,42.7,NA,NA,56.1,55.9,70,72.9,NA,73.2,77.4,87.1,88.5,117.4,NA,104,94.2,1.99926493108722,"STP"
682,"Saudi Arabia",NA,NA,NA,NA,NA,NA,NA,NA,NA,NA,NA,NA,NA,NA,NA,87.7,NA,90.8,94.5,NA,NA,102.7,106,107.8,116.6,3.00882352941142,"SAU"
686,"Senegal",41.9,NA,39.2,NA,38.7,NA,40.5,40.7,42.8,42.2,38.6,42.9,45.4,45.6,47.6,52.5,49.4,50.8,57.9,58.5,57.9,61.4,60.5,NA,60.9,1.10894342762066,"SEN"
688,"Serbia",NA,NA,NA,NA,NA,NA,NA,NA,NA,NA,NA,NA,NA,NA,NA,NA,NA,100.5,104.4,96.4,96.4,99.3,93.2,98.9,NA,-0.867857142857022,"SRB"
690,"Seychelles",NA,107.4,102.1,101.4,100.6,NA,NA,107.9,103.6,104.3,102.1,108.8,109.7,111.2,108.3,120.5,NA,NA,NA,NA,NA,NA,NA,99.3,NA,0.229223181257717,"SYC"
694,"Sierra Leone",NA,NA,NA,NA,NA,NA,NA,NA,NA,NA,NA,NA,NA,NA,NA,NA,NA,NA,NA,NA,NA,76.6,72.4,71,NA,-2.80000000000073,"SLE"
703,"Slovakia",NA,NA,96.3,96.4,98.5,98.6,97.1,96.1,98.5,98,96.7,100.6,98.1,99.1,97.7,93.4,93.8,95.8,98.6,100.7,100.9,98,94.8,96,NA,-0.00807453416148784,"SVK"
705,"Slovenia",NA,NA,NA,93.4,92.7,94,93.5,94.9,99.1,99.2,96.1,96.1,96.1,100.7,112.1,NA,NA,NA,95.6,95.1,96.5,95.7,100.9,98.2,NA,0.208757637474541,"SVN"
90,"Solomon Islands",60.1,71.6,68.8,70.1,72.5,NA,NA,NA,NA,NA,NA,NA,NA,NA,NA,NA,NA,NA,NA,NA,85.1,85.9,85.4,86.3,NA,0.888255813953489,"SLB"
710,"South Africa",NA,75.9,NA,NA,NA,NA,NA,NA,89.5,84.8,86.6,NA,91.3,94.5,98.5,NA,NA,NA,NA,NA,NA,NA,NA,NA,NA,1.577512562814,"ZAF"
724,"Spain",101.3,NA,NA,101.8,102.7,NA,NA,NA,NA,NA,NA,NA,NA,NA,103.7,NA,97.7,98.7,100.1,102.4,103.3,102.3,102.2,99.2,NA,-0.03795462729565,"ESP"
144,"Sri Lanka",96.9,99.4,99.3,NA,NA,NA,NA,NA,97.3,NA,NA,106.5,111.6,104,NA,99.6,98.8,96.3,91.7,92,98.9,100,96.8,97.4,NA,-0.140971190971193,"LKA"
729,"Sudan",NA,NA,NA,NA,NA,NA,NA,NA,NA,NA,NA,NA,NA,NA,NA,NA,NA,NA,NA,NA,60.5,NA,57,NA,NA,-1.74999999999998,"SDN"
740,"Suriname",NA,NA,NA,NA,NA,NA,NA,NA,NA,NA,NA,NA,NA,NA,NA,83.9,91.7,76.5,86.6,86.1,NA,87.7,NA,85,NA,0.136826347305412,"SUR"
748,"Swaziland",62.8,60.8,60.5,60.8,61.8,63.4,60.9,61.6,63.1,59.9,60.9,58.4,61.5,59.7,62.4,65.6,66.3,73.3,NA,72.2,76.7,76.8,77.5,NA,NA,0.708402327671811,"SWZ"
752,"Sweden",96.5,96.3,100.6,106.1,104.3,NA,NA,NA,NA,100.4,99.6,102.3,102.6,106.5,104.2,100.2,95.7,95.1,94.2,93.1,96.7,101.5,102.2,101.5,NA,-0.0963902439024398,"SWE"
756,"Switzerland",51.2,53.6,55.2,61.2,62.3,NA,73,NA,NA,95.3,96.4,97.7,98,98.2,99.2,96.7,93.7,93.1,94.1,95.8,95.9,96.4,96.8,NA,NA,2.16617686064399,"CHE"
762,"Tajikistan",NA,NA,NA,NA,NA,98.9,NA,73.8,NA,90.8,91.3,95.6,96.8,94.9,91.7,101,104.3,92.4,94.6,97.7,101,102.6,97.6,NA,98.2,0.645833333333348,"TJK"
764,"Thailand",NA,NA,NA,NA,NA,NA,NA,NA,NA,88.3,84.7,86.6,NA,NA,NA,NA,NA,NA,NA,NA,NA,NA,NA,NA,NA,-0.850000000000012,"THA"
626,"Timor-Leste",NA,NA,NA,NA,NA,NA,NA,NA,NA,NA,NA,NA,NA,NA,NA,NA,NA,NA,76.3,65.4,63.4,71,NA,NA,NA,-1.78999999999999,"TLS"
768,"Togo",36.4,36.4,37.1,NA,28.4,40.3,46.9,NA,NA,56.4,65.4,72.1,NA,72.3,74.1,73.4,73.4,NA,66.6,66.2,71.3,73.5,77.4,81.3,NA,2.04770996348457,"TGO"
776,"Tonga",127.8,97.1,NA,111.2,NA,NA,NA,NA,107.8,107.4,NA,106.5,NA,NA,NA,109.1,104,NA,NA,NA,NA,NA,100.3,109,NA,-0.365904572564616,"TON"
780,"Trinidad and Tobago",NA,99.8,99.2,97.3,NA,NA,87.8,89.8,NA,100.1,93.3,86.7,NA,89.3,95,91.9,NA,95.7,93.4,95.6,94.8,NA,NA,NA,NA,-0.152181818181827,"TTO"
788,"Tunisia",79.7,73.5,68.2,72.6,79.2,89.4,87.4,90.7,NA,90.8,90.4,91,94.4,96.6,98.3,99.8,NA,101.3,92.3,90.1,101.7,NA,NA,97.8,NA,1.18247946812669,"TUN"
792,"Turkey",93.1,95.2,100.9,94.5,94.5,92.6,NA,NA,NA,NA,NA,NA,NA,NA,97.7,102.4,99.2,97.9,99.6,99.9,100.2,102.5,101.4,NA,NA,0.30785229202037,"TUR"
798,"Tuvalu",NA,NA,NA,NA,NA,NA,NA,NA,NA,NA,NA,101.7,92,96.1,100,106.3,99.2,NA,NA,NA,NA,NA,NA,86.4,NA,-0.919427710843332,"TUV"
800,"Uganda",NA,NA,NA,NA,NA,NA,NA,NA,NA,NA,NA,59.5,61.4,61,57.3,56,NA,52,56.6,56.7,55.3,53.1,NA,54.2,NA,-0.594117647058823,"UGA"
804,"Ukraine",100.2,102.1,93.8,97.6,94.3,NA,NA,NA,96.4,94.1,91.4,95.7,98.2,NA,NA,117.4,104.6,101,98.6,96.1,98.9,100.7,102.8,109.6,NA,0.316499747091541,"UKR"
784,"United Arab Emirates",92.2,98.8,97.1,94.4,93,90.9,87.3,91,89.6,89.2,NA,NA,NA,NA,90.3,92.3,92,93.8,NA,94.7,101.3,107,110.6,NA,NA,0.415905511811041,"ARE"
858,"Uruguay",94.6,94.9,92.8,94.5,94.7,94.3,94.4,95.8,95.9,96.3,97.3,95.4,95,91.9,92.3,95.5,99.6,104.2,106.4,105.8,104.3,NA,NA,NA,NA,0.499220779220803,"URY"
860,"Uzbekistan",NA,NA,NA,NA,NA,99.6,NA,NA,NA,96,95.5,100.9,102.6,97.2,95.6,97.4,99.2,97.1,95.6,92.4,91.7,91.8,NA,NA,NA,-0.457172557172567,"UZB"
548,"Vanuatu",NA,NA,83.7,NA,75,NA,NA,NA,94.3,NA,92.1,106,NA,NA,90.8,NA,NA,83.6,81.1,84.4,83.6,NA,NA,93.3,NA,0.076852574102964,"VUT"
862,"Venezuela",78.3,80.8,84.4,83.7,NA,NA,80.6,80.6,NA,81.2,83,84.6,91.5,89.5,89.7,91.7,95.6,97.5,95.1,94.9,93.6,94.8,96,95.9,NA,0.818022121014953,"VEN"
887,"Yemen",NA,NA,NA,NA,NA,NA,NA,NA,NA,55.6,NA,59.3,58.4,61.6,60.7,60.5,NA,NA,63.2,NA,64.9,NA,69.8,70.1,NA,0.945362806343115,"YEM"
894,"Zambia",NA,NA,NA,NA,NA,NA,NA,NA,68.2,65.9,63.4,NA,63.2,NA,74.9,87,88.3,91.9,95.5,88.8,101.4,NA,91.3,83.7,NA,2.19282608695657,"ZMB"
716,"Zimbabwe",NA,NA,NA,NA,NA,NA,NA,NA,NA,90.9,NA,90.6,84.5,83,NA,NA,NA,NA,NA,NA,NA,NA,92,NA,NA,0.220355731225315,"ZWE"
