CountryCode,Country,SeriesCode,MDG,Series,1990,Footnotes,Type,1991,Footnotes,Type,1992,Footnotes,Type,1993,Footnotes,Type,1994,Footnotes,Type,1995,Footnotes,Type,1996,Footnotes,Type,1997,Footnotes,Type,1998,Footnotes,Type,1999,Footnotes,Type,2000,Footnotes,Type,2001,Footnotes,Type,2002,Footnotes,Type,2003,Footnotes,Type,2004,Footnotes,Type,2005,Footnotes,Type,2006,Footnotes,Type,2007,Footnotes,Type,2008,Footnotes,Type,2009,Footnotes,Type,2010,Footnotes,Type,2011,Footnotes,Type,2012,Footnotes,Type,2013,Footnotes,Type,2014,Footnotes,Type,2015,Footnotes,Type,2016,Footnotes,Type,2017,Footnotes,Type
"4","Afghanistan","743","N","Primary completion rate, both sexes","","","","","","","","","","28.8","","C","","","","","","","","","","","","","","","","","","","","","","","","","","","","","","","","","","","","","","",""," "," "," ","","","","","","","","","","","","","","","","","","","","",""," "," "," "," "," "," "," "," "," "
"8","Albania","743","N","Primary completion rate, both sexes","","","","","","","","","","","","","","","","","","","85.6","","C","","","","","","","","","","94.4","","C","96.3","","C","","","","96.7","","C"," "," "," ","","","","","",""," "," "," "," "," "," "," "," "," "," "," "," "," "," "," "," "," "," "," "," "," ","","",""," "," "," "," "," "," "," "," "," "
"12","Algeria","743","N","Primary completion rate, both sexes","76.7","","C","75.3","","C","77.7","","C","76.8","","C","75.4","","C","76.3","","C","79.3","","C","79.9","","C","","","","79.6","","C","77.3","","C","83.7","","C","86.1","","C","88.3","","C","90.6","","C","92.9","","C","83.3","","C","93.4","","C"," "," "," ","89.0","","C","92.6","","C","95.5","","C","100.2","","C","105.5","","C","","",""," "," "," "," "," "," "," "," "," "
"16","American Samoa","743","N","Primary completion rate, both sexes","","","","","","","","","","","","","","","","","","","","","","","","","","","","","","","","","","","","","","","","","","","","","","","","","","","","","","","","","","","","","","","","","","","","","","","","","","",""," "," "," "," "," "," "," "," "," "
"20","Andorra","743","N","Primary completion rate, both sexes","","","","","","","","","","","","","","","","","","","","","","","","","","","","","","","","","","","",""," "," "," "," "," "," "," "," "," "," "," "," "," "," "," "," "," "," "," "," "," "," "," "," "," "," "," "," "," "," "," "," "," "," "," "," ","","",""," "," "," "," "," "," "," "," "," "
"24","Angola","743","N","Primary completion rate, both sexes","","","","34.2","","C","","","","","","","","","","","","","","","","","","","","","","","","","","",""," "," "," ","","","","","",""," "," "," ","","","","","","","","","","46.0","","C","45.5","","C","46.8","","C","54.3","","C","","","","","","","","",""," "," "," "," "," "," "," "," "," "
"660","Anguilla","743","N","Primary completion rate, both sexes","","","","","","","","","","","","","","","","","","","","","","","","","","","","","",""," "," "," "," "," "," ","","",""," "," "," "," "," "," "," "," "," ","","","","","","","","","","","","","","","","","","","","","","","","","","",""," "," "," "," "," "," "," "," "," "
"28","Antigua and Barbuda","743","N","Primary completion rate, both sexes","","","","","","","96.7","","C","","","","","","","","","","","","","","","","","","","","","","","","","","","","","","","","","","","","","","","","","",""," "," "," ","102.5","","C","95.5","","C","102.3","","C","99.7","","C","","","","","","","","",""," "," "," "," "," "," "," "," "," "
"32","Argentina","743","N","Primary completion rate, both sexes","","","","","","","","","","","","","98.5","","C","","","","93.6","","C","92.3","","C","100.5","","C","99.1","","C","99.0","","C","98.8","","C","102.9","","C","101.0","","C","99.8","","C","97.9","","C","100.0","","C","102.7","","C","105.8","","C","106.0","","C","107.3","","C","109.3","","C","110.2","","C","","","","","",""," "," "," "," "," "," "," "," "," "
"51","Armenia","743","N","Primary completion rate, both sexes","","","","","","","","","","","","","106.0","","C","","","","","","","95.5","","C","","","","","","","","","","","","","93.7","","C","89.4","","C","100.1","","C","92.1","","C","92.2","","C","98.6","","C","100.1","","C"," "," "," "," "," "," "," "," "," "," "," "," ","","","","","",""," "," "," "," "," "," "," "," "," "
"533","Aruba","743","N","Primary completion rate, both sexes","","","","","","","","","","","","","","","","","","","","","","","","","","","","101.6","","C","97.2","","C","94.3","","C","94.8","","C","90.2","","C","90.6","","C","88.2","","C","93.1","","C","95.6","","C","95.1","","C","96.3","","C","94.7","","C","","","","","","","","","","","",""," "," "," "," "," "," "," "," "," "
"36","Australia","743","N","Primary completion rate, both sexes","","","","","","","","","","","","","","","","","","","","","","","","","","","","","","","","","","","","","","","","","","","","","","","","","","","","","","","","","","","","","","","","","","","","","","","","","","",""," "," "," "," "," "," "," "," "," "
"40","Austria","743","N","Primary completion rate, both sexes","","","","","","","","","","","","","","","","","","","","","","","","","101.3","","C","101.3","","C","","","","","","","99.3","","C","99.9","","C","97.7","","C","97.8","","C","100.0","","C","102.5","","C","100.3","","C","98.9","","C","98.6","","C","97.2","","C","97.2","","C","98.3","","C","","",""," "," "," "," "," "," "," "," "," "
"31","Azerbaijan","743","N","Primary completion rate, both sexes","","","","","","","","","","95.8","","C","91.2","","C","89.8","","C","81.6","","C","99.0","","C","95.2","","C","92.2","","C","89.5","","C","95.2","","C","97.6","","C","92.7","","C","95.6","","C","93.4","","C","91.6","","C","98.1","","C","90.7","","C","91.8","","C","89.5","","C","92.8","","C","92.0","","C","","","","","",""," "," "," "," "," "," "," "," "," "
"44","Bahamas","743","N","Primary completion rate, both sexes","","","","","","","","","","","","","86.3","","C","","","","","","","","","","","","","82.3","","C","","","","","","","","","","","","","","","","107.1","","C","104.1","","C","105.5","","C","101.3","","C","100.0","","C","93.2","","C","","","","","","","","","","","",""," "," "," "," "," "," "," "," "," "
"48","Bahrain","743","N","Primary completion rate, both sexes","","","","103.0","","C","100.9","","C","99.7","","C","94.6","","C","93.9","","C","92.0","","C","","","","94.4","","C","99.1","","C"," "," "," "," "," "," "," "," "," "," "," "," "," "," "," "," "," "," "," "," "," ","","",""," "," "," "," "," "," "," "," "," "," "," "," "," "," "," "," "," "," ","","",""," "," "," "," "," "," "," "," "," "
"50","Bangladesh","743","N","Primary completion rate, both sexes","","","","","","","","","","","","","","","","","","","","","","","","","","","","","","","","","","","","","","","","","","","","","","63.8","","C","","","","","","","57.5","","C","64.0","","C","66.5","","C","74.6","","C","","",""," "," "," ","","",""," "," "," "," "," "," "," "," "," "
"52","Barbados","743","N","Primary completion rate, both sexes","","","","","","","","","","","","","","","","","","","","","","","","","","","","95.3","","C","99.1","","C","107.3","","C","103.9","","C","106.4","","C","97.0","","C","91.1","","C","93.9","","C","92.9","","C","96.1","","C","98.5","","C","99.8","","C","104.0","","C","","","","","","","","",""," "," "," "," "," "," "," "," "," "
"112","Belarus","743","N","Primary completion rate, both sexes","94.2","","C","93.6","","C","88.9","","C","95.1","","C","96.8","","C","94.2","","C","93.6","","C","93.6","","C","","","","96.2","","C","100.0","","C","104.7","","C","130.6","","C","102.0","","C","101.8","","C","97.9","","C","96.7","","C","95.3","","C","98.1","","C","104.8","","C","105.9","","C","106.9","","C","103.3","","C","99.8","","C","","",""," "," "," "," "," "," "," "," "," "
"56","Belgium","743","N","Primary completion rate, both sexes","","","","79.1","","C","","","","","","","","","","","","","","","","","","","","","","","","","","","","","","","","","","","","","","","","","","","85.9","","C","86.1","","C","86.7","","C","88.5","","C","90.6","","C"," "," "," ","90.0","","C","90.1","","C","","",""," "," "," "," "," "," "," "," "," "
"84","Belize","743","N","Primary completion rate, both sexes","","","","","","","93.8","","C","","","","","","","88.9","","C","95.7","","C","","","","","","","98.9","","C","100.8","","C","103.0","","C","","","","102.2","","E","103.7","","C","105.3","","C","104.8","","C","106.8","","C","102.4","","C","107.4","","C","108.3","","C","111.5","","C","116.1","","C","109.1","","C","","",""," "," "," "," "," "," "," "," "," "
"204","Benin","743","N","Primary completion rate, both sexes","18.7","","C","21.2","","C","21.5","","C","23.6","","C","25.5","","C","29.9","","C","32.0","","C","34.4","","C","37.1","","C","","","","37.3","","E","41.0","","C","43.0","","C","47.2","","C","50.8","","C"," "," "," "," "," "," ","","","","62.0","","C","","","","64.8","","C","69.5","","C","70.5","","C","75.7","","C","","",""," "," "," "," "," "," "," "," "," "
"60","Bermuda","743","N","Primary completion rate, both sexes","","","","","","","","","","","","","","","","","","","","","","","","","","","","","","","","","","96.7","","C","102.5","","C","100.4","","C","95.4","","C","95.4","","C","93.6","","C","","","","","","","","","","99.9","","C","90.7","","C","87.8","","C","88.9","","C","","",""," "," "," "," "," "," "," "," "," "
"64","Bhutan","743","N","Primary completion rate, both sexes","","","","","","","","","","24.0","","C","28.4","","C","","","","","","","","","","46.7","","C","50.3","","C","51.0","","C","52.2","","C","","","","","","","62.8","","C","69.1","","C","74.3","","C","75.9","","C","81.7","","C","84.0","","C","90.4","","C","91.6","","C","101.3","","C","98.4","","C","","",""," "," "," "," "," "," "," "," "," "
"68","Bolivia","743","N","Primary completion rate, both sexes","70.2","","C","73.1","","C","67.7","","C","81.2","","C","82.5","","C","84.5","","C","83.9","","C","87.3","","C","83.7","","C","94.8","","C","96.0","","C","95.8","","C","99.2","","C","98.0","","C","","","","","","","99.1","","C","96.1","","C","97.1","","C","92.3","","C","92.9","","C","92.3","","C","93.4","","C","89.4","","C","","",""," "," "," "," "," "," "," "," "," "
"70","Bosnia and Herzegovina","743","N","Primary completion rate, both sexes","","","","","","","","","","","","","","","","","","","","","","","","","","","","","","","","","","","","","","","","","","","","","","","","","","","","","","","","","","","",""," "," "," "," "," "," "," "," "," "," "," "," ","","",""," "," "," "," "," "," "," "," "," "
"72","Botswana","743","N","Primary completion rate, both sexes","88.5","","C","89.0","","C","89.7","","C","89.0","","C","93.4","","C","89.8","","C","91.4","","C","","","","91.4","","C","89.2","","C","89.1","","C","91.5","","C","92.8","","C","93.0","","C","93.0","","E","93.3","","E","96.5","","C","92.7","","C","93.6","","C","94.7","","E","","","","","","","97.7","","C","","","","","",""," "," "," "," "," "," "," "," "," "
"76","Brazil","743","N","Primary completion rate, both sexes","","","","","",""," "," "," "," "," "," "," "," "," ","","","","","","","","","","","","","","",""," "," "," "," "," "," "," "," "," "," "," "," "," "," "," ","","","","","","","","","","","","","","","","","","","","","","","","","","","","","",""," "," "," "," "," "," "," "," "," "
"92","British Virgin Islands","743","N","Primary completion rate, both sexes","","","","","","","","","","","","","","","","","","","","","","","","","","","","","","","","","","","","","99.7","","E","90.6","","C","97.0","","C","90.8","","C","89.6","","C","75.9","","C","","","","69.9","","C"," "," "," ","78.4","","C","84.0","","C","88.3","","C","","",""," "," "," "," "," "," "," "," "," "
"96","Brunei Darussalam","743","N","Primary completion rate, both sexes","","","","99.0","","C","101.0","","C","100.1","","C","103.5","","C","101.7","","C","","","","111.0","","C","116.8","","C","117.8","","C","115.9","","C","121.5","","C","116.7","","C","118.9","","C","110.5","","C","107.0","","C","108.4","","C","109.5","","C","109.3","","C","107.1","","C","108.9","","C","109.6","","C","101.9","","C","97.9","","C","","",""," "," "," "," "," "," "," "," "," "
"100","Bulgaria","743","N","Primary completion rate, both sexes","99.5","","C","89.6","","C","87.9","","C","86.4","","C","88.6","","C","88.3","","C","90.7","","C","94.7","","C","94.1","","C","96.3","","C","96.6","","C","102.6","","C","97.9","","C","99.6","","C","100.4","","C","99.2","","C","97.4","","C","97.5","","C","89.7","","C","94.2","","C","105.1","","C","104.4","","C","98.2","","C","96.9","","C","","",""," "," "," "," "," "," "," "," "," "
"854","Burkina Faso","743","N","Primary completion rate, both sexes","19.5","","C","20.0","","C","26.7","","C","26.2","","C","27.1","","C","18.6","","C","22.6","","C","","","","","","","23.5","","C","25.4","","C","26.7","","C","27.5","","C","29.1","","C","30.4","","C","31.7","","C","32.8","","C","35.0","","C","38.9","","C","43.9","","C","47.0","","C"," "," "," ","57.6","","C","62.7","","C","","",""," "," "," "," "," "," "," "," "," "
"108","Burundi","743","N","Primary completion rate, both sexes","40.6","","C","44.8","","C","47.7","","C","50.8","","C","","","","","","","","","","","","","","","","","","","23.9","","C","24.3","","C","24.8","","C","29.3","","C","31.6","","C","33.8","","C"," "," "," ","38.5","","C","41.3","","C","47.8","","C","50.8","","C","55.5","","C","62.2","","C","70.0","","C","","",""," "," "," "," "," "," "," "," "," "
"116","Cambodia","743","N","Primary completion rate, both sexes","","","","","","","","","","","","","44.9","","C","42.5","","C","","","","16.9","","C","32.2","","C","41.0","","C","","","","51.2","","C","59.4","","C","65.9","","C","76.5","","C","85.8","","C","89.1","","C","92.4","","C","89.1","","C","88.0","","C","91.3","","C","93.4","","C","98.1","","C","97.3","","C","","",""," "," "," "," "," "," "," "," "," "
"120","Cameroon","743","N","Primary completion rate, both sexes","55.6","","C","54.3","","C","","","","","","","","","","","","","","","","","","","","","","47.8","","E","48.7","","C"," "," "," ","","","","55.3","","C","57.1","","C","","","","49.5","","C","52.6","","C","68.0","","C","67.7","","C","69.8","","C","69.1","","C","72.8","","C","","","","72.0","","C"," "," "," "," "," "," "," "," "," "
"124","Canada","743","N","Primary completion rate, both sexes","","","","","","","","","","","","","","","","","","","","","","","","","94.2","","C","95.7","","C","97.4","","C","","","","","","","","","","","","","","","","96.5","","C","","","","","","","","","","","","","","","","","","","","","","","",""," "," "," "," "," "," "," "," "," "
"132","Cape Verde","743","N","Primary completion rate, both sexes","56.5","","C","","","","","","","","","","72.6","","C","","","","","","","","","","100.0","","C","","","","105.6","","C","99.5","","C","101.4","","E","102.5","","C","100.6","","C","85.8","","C","98.3","","C","92.3","","C","98.7","","C","95.4","","C","100.1","","C","96.9","","C","99.0","","C","94.7","","C","","",""," "," "," "," "," "," "," "," "," "
"136","Cayman Islands","743","N","Primary completion rate, both sexes","","","","","","","","","","","","","","","","","","","","","","","","","","",""," "," "," "," "," "," "," "," "," "," "," "," ","","",""," "," "," "," "," "," "," "," "," "," "," "," "," "," "," ","","","","","",""," "," "," "," "," "," "," "," "," ","","",""," "," "," "," "," "," "," "," "," "
"140","Central African Republic","743","N","Primary completion rate, both sexes","30.2","","C","28.0","","C","22.5","","C","","","","","","","","","","","","","","","","","","","","","","","","","","","","","","","","","","24.6","","C","27.0","","C","27.1","","C","","","","36.4","","C","39.1","","C","41.2","","C","43.0","","C","45.3","","C","","","","","",""," "," "," "," "," "," "," "," "," "
"148","Chad","743","N","Primary completion rate, both sexes","16.6","","C","18.2","","C","","","","","","","18.2","","C","14.3","","C","14.9","","C","15.5","","C","","","","20.1","","C","22.2","","C","24.5","","C","27.3","","C","32.1","","C","33.6","","C","30.2","","C","29.8","","C","","","","","","","31.5","","C","31.3","","C","34.6","","C","35.3","","C","38.8","","C","","",""," "," "," "," "," "," "," "," "," "
"830","Channel Islands","743","N","Primary completion rate, both sexes","","","","","","","","","","","","","","","","","","","","","","","","","","","","","","","","","","","","","","","","","","","","","","","","","","","","","","","","","","","","","","","","","","","","","","","","","","",""," "," "," "," "," "," "," "," "," "
"152","Chile","743","N","Primary completion rate, both sexes","","","","","","","","","","","","","","","","","","","","","","83.2","","C","","","","","","","","","","","","","","","","","","","","","","","","","","","","","","","","","","","","","","","","94.8","","C","97.3","","C","96.7","","C","","",""," "," "," "," "," "," "," "," "," "
"156","China","743","N","Primary completion rate, both sexes","105.9","","C","105.9","","C","99.6","","C","99.4","","C","99.8","","C","93.9","","C","88.8","","C","87.3","","C","","","","","","","","",""," "," "," "," "," "," "," "," "," "," "," "," "," "," "," "," "," "," "," "," "," ","","",""," "," "," ","","","","","","","","","","","","","","",""," "," "," "," "," "," "," "," "," "
"344","China, Hong Kong Special Administrative Region","743","N","Primary completion rate, both sexes","102.0","","C","101.0","","C","100.7","","C","102.0","","C","100.5","","C","98.4","","C","94.2","","C","","","","","",""," "," "," ","","",""," "," "," "," "," "," "," "," "," "," "," "," "," "," "," "," "," "," "," "," "," ","98.1","","C","97.9","","C","","","","91.5","","C","98.3","","C","96.2","","C","","",""," "," "," "," "," "," "," "," "," "
"446","China, Macao Special Administrative Region","743","N","Primary completion rate, both sexes","96.7","","C","","","","92.5","","C","95.3","","C","","","","","","","","","","","","","","","","100.0","","C"," "," "," "," "," "," "," "," "," "," "," "," "," "," "," "," "," "," "," "," "," "," "," "," "," "," "," "," "," "," "," "," "," "," "," "," "," "," "," "," "," "," ","","",""," "," "," "," "," "," "," "," "," "
"170","Colombia","743","N","Primary completion rate, both sexes","73.6","","C","72.9","","C","81.8","","C","82.9","","C","82.6","","C","86.4","","C","87.6","","C","","","","93.4","","C","94.9","","C","94.9","","C","92.2","","C","92.6","","C","","","","100.0","","C","103.6","","C","109.4","","C","110.8","","C","110.4","","C","114.6","","C","113.4","","C"," "," "," "," "," "," "," "," "," ","","",""," "," "," "," "," "," "," "," "," "
"174","Comoros","743","N","Primary completion rate, both sexes","","","","","","","44.2","","C","38.6","","C","46.3","","C","","","","","","","","","","","","","52.8","","C","","","","","","","65.9","","E","65.5","","C","71.3","","C","","","","","","","71.3","","C","79.8","","C","","","","","","","","","","","","","73.8","","C","","",""," "," "," "," "," "," "," "," "," "
"178","Congo","743","N","Primary completion rate, both sexes","60.6","","C","55.9","","C","63.1","","C","64.5","","C","54.7","","C","","","","49.9","","C","","","","","","","31.8","","C"," "," "," ","57.4","","C","60.4","","C","57.1","","C","82.3","","C","71.9","","C","77.8","","C","75.9","","E","70.5","","C","69.5","","C","69.4","","C","76.1","","C","73.0","","C","","","","","",""," "," "," "," "," "," "," "," "," "
"184","Cook Islands","743","N","Primary completion rate, both sexes","","","","","","","","","","","","","","","","","","","","","","","","","97.6","","C","87.9","","C","","","","","","","","","","","","","","","","","","","","","","112.0","","C","","","","","","","100.0","","C","100.3","","C","103.8","","C","99.3","","C","","",""," "," "," "," "," "," "," "," "," "
"188","Costa Rica","743","N","Primary completion rate, both sexes","74.8","","C","79.5","","C","81.4","","C","83.3","","C","81.7","","C","80.3","","C","81.3","","C","","","","","","","81.2","","C","86.7","","C","90.3","","C","93.1","","C","","","","94.7","","C","93.9","","C","90.2","","C","92.1","","C","93.3","","C","95.9","","C","95.9","","C","98.7","","C","95.2","","C","90.0","","C","","",""," "," "," "," "," "," "," "," "," "
"384","Cote d'Ivoire","743","N","Primary completion rate, both sexes","42.1","","C","46.0","","C","41.8","","C","43.0","","C","43.0","","C","41.6","","C","43.0","","C","40.6","","C","40.9","","C","44.1","","C","44.9","","C","51.6","","C"," "," "," ","","","","","","","","","","47.8","","C","49.0","","C"," "," "," ","50.3","","C","","","","59.1","","C","61.2","","C","60.5","","C","","",""," "," "," "," "," "," "," "," "," "
"191","Croatia","743","N","Primary completion rate, both sexes","","","","","","","","","","","","","83.7","","C","80.8","","C","85.5","","C","87.0","","C","92.8","","C","92.1","","C","93.2","","C","95.8","","C","97.1","","C","94.5","","C","","","","98.6","","C","98.1","","C","101.3","","C","97.2","","C","93.1","","C","91.4","","C","93.7","","C","93.2","","C","","","","","",""," "," "," "," "," "," "," "," "," "
"192","Cuba","743","N","Primary completion rate, both sexes","93.8","","C","94.0","","C","86.4","","C","83.3","","C","95.7","","C","95.9","","C","96.5","","C","","","","","","","94.1","","C","95.9","","C","95.6","","C","100.2","","C","95.2","","C","91.5","","C","91.4","","C","90.2","","C","91.6","","C","88.5","","C","97.4","","C","98.1","","C","98.4","","C","95.6","","C","93.2","","C","","",""," "," "," "," "," "," "," "," "," "
"196","Cyprus","743","N","Primary completion rate, both sexes","78.6","","C","83.3","","C","82.7","","C","100.8","","C","104.2","","C","99.7","","C","97.2","","C","98.9","","C","","","","100.7","","C","97.7","","C","98.0","","C","100.5","","C","101.2","","C","87.6","","C","100.1","","C","101.1","","C","100.0","","C","100.2","","C","103.2","","C","99.3","","C","101.7","","C","100.1","","C"," "," "," ","","",""," "," "," "," "," "," "," "," "," "
"203","Czech Republic","743","N","Primary completion rate, both sexes","","","","","","","","","","98.1","","C","105.5","","C","105.9","","C","109.6","","C","","","","","","","99.6","","C","99.2","","C","99.1","","C","103.3","","C","98.1","","C","98.4","","C","97.8","","C","93.5","","C","96.2","","C","100.0","","C","105.7","","C","108.9","","C","105.8","","C","102.5","","C","101.0","","C","","",""," "," "," "," "," "," "," "," "," "
"180","Democratic Republic of the Congo","743","N","Primary completion rate, both sexes","","","","52.3","","C","48.6","","C","55.9","","C","47.0","","C","","","","","","","","","","","","","34.7","","C","","","","","","","42.3","","C","","","","","","","","","","","","","54.8","","C","60.1","","C","63.0","","E","64.0","","C","66.6","","C","72.8","","C","72.4","","C","","",""," "," "," "," "," "," "," "," "," "
"208","Denmark","743","N","Primary completion rate, both sexes","95.4","","C","97.8","","C","97.1","","C","99.3","","C","96.9","","C","","","","","","","","","","101.7","","C","101.5","","C","100.2","","C","101.4","","C","105.5","","C","","","","100.7","","C","100.4","","C","102.1","","C","101.8","","C","101.0","","C","98.0","","C","99.1","","C","99.7","","C","98.5","","C","99.6","","C","","",""," "," "," "," "," "," "," "," "," "
"262","Djibouti","743","N","Primary completion rate, both sexes","28.4","","C","24.5","","C","27.5","","C","24.5","","C","27.5","","C","29.6","","C","26.9","","C","24.1","","C","","","","22.7","","C","25.9","","C","25.4","","C"," "," "," ","","","","","","","31.7","","C","36.8","","C"," "," "," ","46.1","","C"," "," "," ","","","","52.5","","C"," "," "," ","52.0","","C","60.6","","C"," "," "," "," "," "," "," "," "," "
"212","Dominica","743","N","Primary completion rate, both sexes","","","","","","","","","","","","","","","","","","","","","","","","","","","","123.0","","C","119.0","","E","119.9","","C","104.6","","C","100.3","","C","102.6","","C","102.1","","C","92.4","","C","94.0","","C","89.3","","C","85.3","","C","82.6","","C","92.5","","C","104.0","","C","102.7","","C","","",""," "," "," "," "," "," "," "," "," "
"214","Dominican Republic","743","N","Primary completion rate, both sexes","","","","","","","","","","","","","62.0","","C","","","","","","","","","","","","","71.9","","C","77.1","","C","","","","89.6","","C","","","","85.4","","C"," "," "," ","82.9","","C","90.1","","C"," "," "," ","91.9","","C","90.8","","C","90.6","","C","90.3","","C","90.4","","C","","",""," "," "," "," "," "," "," "," "," "
"218","Ecuador","743","N","Primary completion rate, both sexes","","","","","","","","","","","","","97.3","","C","95.2","","C","94.4","","C","97.1","","C","","","","97.6","","C","97.5","","C","98.1","","C","98.3","","C","98.2","","C","98.2","","E","102.9","","C","102.8","","C","102.7","","C","","","","","","","102.3","","C","108.5","","C","110.9","","C","110.6","","C","","",""," "," "," "," "," "," "," "," "," "
"818","Egypt","743","N","Primary completion rate, both sexes","","","","","","","","","","","","","","","","","","","","","","93.2","","C","","","","98.4","","E","97.2","","E","95.9","","E","95.5","","E","96.8","","E","99.1","","E","101.1","","C","96.3","","E","100.2","","C"," "," "," ","103.2","","C","105.9","","C"," "," "," ","107.0","","C","110.5","","C","","",""," "," "," "," "," "," "," "," "," "
"222","El Salvador","743","N","Primary completion rate, both sexes","","","","63.0","","C","64.0","","C","66.1","","C","","","","67.0","","C","71.4","","C","","","","74.5","","C","","","","83.0","","E","82.2","","C","81.7","","C","81.7","","C","","","","84.4","","C","84.3","","C","88.3","","C","89.9","","C","92.8","","C","95.4","","C","99.7","","C","101.0","","C","100.6","","C","","",""," "," "," "," "," "," "," "," "," "
"226","Equatorial Guinea","743","N","Primary completion rate, both sexes","","","","","","","","","","","","","53.1","","C","","","","","","","","","","","","","","","","47.7","","C"," "," "," "," "," "," ","38.3","","C"," "," "," ","47.1","","C","","","","","","","45.9","","C","49.3","","C","52.5","","C","51.8","","C","54.8","","C","","","","","",""," "," "," "," "," "," "," "," "," "
"232","Eritrea","743","N","Primary completion rate, both sexes","","","","","","","","","","","",""," "," "," "," "," "," "," "," "," "," "," "," ","","",""," "," "," "," "," "," "," "," "," "," "," "," "," "," "," "," "," "," "," "," "," "," "," "," "," "," "," "," "," "," "," "," "," "," "," "," "," "," "," "," "," "," "," "," "," ","","",""," "," "," "," "," "," "," "," "," "
"233","Estonia","743","N","Primary completion rate, both sexes","","","","","","","","","","","","","","","","79.5","","C","90.8","","C","","","","88.8","","C","92.5","","C","94.3","","C","99.5","","C","102.7","","C","107.7","","C","105.1","","C","106.9","","C","99.8","","C","98.4","","C","96.8","","C","97.6","","C","96.2","","C","94.3","","C","96.4","","C","98.4","","C","","",""," "," "," "," "," "," "," "," "," "
"231","Ethiopia","743","N","Primary completion rate, both sexes","","","","","","","","","","","","","14.1","","C","14.0","","C","15.0","","C","","","","17.2","","C","19.9","","C","22.5","","C","27.9","","C","31.7","","C","34.9","","C","37.6","","C","43.4","","C","47.2","","E"," "," "," "," "," "," "," "," "," "," "," "," "," "," "," "," "," "," ","","","","","",""," "," "," "," "," "," "," "," "," "
"234","Faeroe Islands","743","N","Primary completion rate, both sexes","","","","","","","","","","","","","","","","","","","","","","","","","","","","","","","","","","","","","","","","","","","","","","","","","","","","","","","","","","","","","","","","","","","","","","","","","","",""," "," "," "," "," "," "," "," "," "
"238","Falkland Islands (Malvinas)","743","N","Primary completion rate, both sexes","","","","","","","","","","","","","","","","","","","","","","","","","","","","","","","","","","","","","","","","","","","","","","","","","","","","","","","","","","","","","","","","","","","","","","","","","","",""," "," "," "," "," "," "," "," "," "
"242","Fiji","743","N","Primary completion rate, both sexes","","","","","","","105.1","","C","","","","103.0","","C","102.6","","C","101.8","","C","103.3","","C","103.7","","C","100.1","","C","95.3","","C","97.1","","C","101.8","","C","","","","108.7","","C","","","","111.0","","C","","","","105.7","","C","105.0","","C","","","","103.3","","C","103.6","","C"," "," "," ","","",""," "," "," "," "," "," "," "," "," "
"246","Finland","743","N","Primary completion rate, both sexes","101.8","","C","97.4","","C","96.7","","C","96.1","","C","97.2","","C","100.6","","C","101.4","","C","100.5","","C","98.2","","C","96.0","","C","96.3","","C","102.3","","C","101.0","","C","102.1","","C","100.3","","C","100.4","","C","96.9","","C","98.2","","C","98.6","","C","97.4","","C","98.0","","C","97.4","","C","99.3","","C","99.1","","C","","",""," "," "," "," "," "," "," "," "," "
"250","France","743","N","Primary completion rate, both sexes","111.2","","C","109.8","","C","108.3","","C","","","","","","","","","","","","","","","","","","","96.8","","C","97.3","","C","","","","","","","","","","","","","","","","","","","","","","","","","","","","","","","","","","","","","","","","","",""," "," "," "," "," "," "," "," "," "
"254","French Guiana","743","N","Primary completion rate, both sexes","","","","","","","","","","","","","50.7","","C","","","","","","","","","","","","","","","","","","","","","","","","","","","","","","","","","","","","","","","","","","","","","","","","","","","","","","","","","","","",""," "," "," "," "," "," "," "," "," "
"258","French Polynesia","743","N","Primary completion rate, both sexes","","","","","","","","","","","","","","","","","","","","","","","","","","","","","","","","","","","","","","","","","","","","","","","","","","","","","","","","","","","","","","","","","","","","","","","","","","",""," "," "," "," "," "," "," "," "," "
"266","Gabon","743","N","Primary completion rate, both sexes","","","","","","","60.3","","C","","","","","","","66.9","","C","67.7","","C","69.9","","C","","","","","","","","",""," "," "," ","74.4","","C","72.4","","E","","","","","","","","","","","","","","","","","","","","","","","","","","","","","","","","",""," "," "," "," "," "," "," "," "," "
"270","Gambia","743","N","Primary completion rate, both sexes","","","","","","","41.8","","C","39.6","","C","38.6","","C","41.0","","C","48.3","","C","46.7","","C","","","","71.4","","E","71.9","","E","74.0","","E","72.2","","E","75.7","","C","74.6","","C","71.5","","C","69.6","","E","76.8","","C","82.3","","C","","","","73.8","","C","69.3","","C","70.3","","C","70.5","","C","","",""," "," "," "," "," "," "," "," "," "
"268","Georgia","743","N","Primary completion rate, both sexes","","","","","","","","","","","","","","","","84.3","","C","85.8","","C","85.5","","C","","","","84.1","","C","98.1","","C","101.0","","C","98.1","","C","89.8","","C","95.8","","C","85.8","","C","84.6","","C","94.7","","C","102.2","","C","109.9","","C","115.7","","C","","","","108.1","","C","108.6","","C","","",""," "," "," "," "," "," "," "," "," "
"276","Germany","743","N","Primary completion rate, both sexes","","","","","","","","","","96.0","","C","92.6","","C","92.8","","C","94.2","","C","96.7","","C","","","","100.0","","C","102.5","","C","103.5","","C","99.1","","C","98.0","","C","96.9","","C","94.9","","C","97.1","","C","102.4","","C","101.3","","C","101.8","","C","101.1","","C","100.4","","C","98.0","","C","98.3","","C","","",""," "," "," "," "," "," "," "," "," "
"288","Ghana","743","N","Primary completion rate, both sexes","","","","65.6","","C","67.7","","C","","","","","","","","","","","","","","","","","","","68.7","","C","71.8","","C","68.0","","C","69.3","","C","70.1","","C","68.8","","C","74.5","","C","71.2","","E","77.4","","E","83.7","","C","85.7","","C","","","","92.9","","C","98.2","","C","98.5","","C","96.7","","C"," "," "," "," "," "," "," "," "," "
"300","Greece","743","N","Primary completion rate, both sexes","","","","","","","99.4","","C","","","","","","","","","","","","","","","","","","","","","","","","","","","","","","","","","","101.9","","C","100.4","","C","103.8","","C","101.9","","C","","","","","","","100.3","","C","98.2","","C","101.3","","C","","","","","",""," "," "," "," "," "," "," "," "," "
"304","Greenland","743","N","Primary completion rate, both sexes","","","","","","","","","","","","","","","","","","","","","","","","","","","","","","","","","","","","","","","","","","","","","","","","","","","","","","","","","","","","","","","","","","","","","","","","","","",""," "," "," "," "," "," "," "," "," "
"308","Grenada","743","N","Primary completion rate, both sexes","","","","","","","","","","","","","","","","","","","","","","","","","","","","92.9","","C","","","","","","","91.4","","C","100.3","","C","","","","102.3","","C","","","","97.6","","C","110.5","","C","121.1","","C","111.5","","E","","","","","","","94.5","","C","","",""," "," "," "," "," "," "," "," "," "
"312","Guadeloupe","743","N","Primary completion rate, both sexes","","","","101.7","","C","","","","","","","","","","","","","","","","","","","","","","","","","","","","","","","","","","","","","","","","","","","","","","","","","","","","","","","","","","","","","","","","","","","","",""," "," "," "," "," "," "," "," "," "
"316","Guam","743","N","Primary completion rate, both sexes","","","","","","","","","","","","","","","","","","","","","","","","","","","","","","","","","","","","","","","","","","","","","","","","","","","","","","","","","","","","","","","","","","","","","","","","","","",""," "," "," "," "," "," "," "," "," "
"320","Guatemala","743","N","Primary completion rate, both sexes","","","","","","","","","","","","","","","","","","","48.1","","C","","","","","","","53.1","","C","57.8","","C","60.4","","C","64.1","","C","","","","70.0","","C","73.8","","C","76.8","","C","77.5","","C","80.3","","C","83.8","","C","85.9","","C","87.7","","C","86.1","","C","85.6","","C","","",""," "," "," "," "," "," "," "," "," "
"324","Guinea","743","N","Primary completion rate, both sexes","20.0","","C","17.7","","C","17.2","","C","19.1","","C","19.8","","C","19.3","","C","29.2","","C","","","","24.4","","C","28.2","","C","31.1","","C","33.2","","C","37.5","","C","37.9","","C","48.1","","C","54.6","","C","59.3","","C","59.5","","C","52.2","","C","58.4","","C","58.5","","C"," "," "," ","61.5","","C","62.0","","C","","",""," "," "," "," "," "," "," "," "," "
"624","Guinea-Bissau","743","N","Primary completion rate, both sexes","","","","","","","","","","","","","","","","","","","","","","","","","","","","","","","28.7","","C","","","","","","","","","","","","","","","","","","","","","","","","","","","","64.0","","C","","","","","","","","","","","",""," "," "," "," "," "," "," "," "," "
"328","Guyana","743","N","Primary completion rate, both sexes","","","","","","","97.4","","C","97.2","","C","","","","81.0","","C","82.6","","C","87.4","","C","","","","101.4","","C","101.9","","C","85.8","","C","","","","77.7","","C","","","","103.1","","C","103.6","","C","99.1","","C","97.6","","C","98.6","","C","90.7","","C","91.6","","C","85.3","","C","","","","","",""," "," "," "," "," "," "," "," "," "
"332","Haiti","743","N","Primary completion rate, both sexes","","","","","","","","","","","","","","","","","","","","","","48.1","","C","","","","","","","","","","","","","","","","","","","","","","","","","","","","","","","","","","","","","","","","","","","","","","","","","","",""," "," "," "," "," "," "," "," "," "
"340","Honduras","743","N","Primary completion rate, both sexes","","","","64.1","","C","67.3","","C","69.2","","C","70.8","","C","69.9","","C","70.9","","C","71.4","","C","72.2","","C","","","","","","","","","","","","","80.3","","C"," "," "," ","81.6","","C","88.8","","C","","","","89.9","","C","93.1","","C","98.2","","C","101.0","","C","100.1","","C","93.1","","C","","",""," "," "," "," "," "," "," "," "," "
"348","Hungary","743","N","Primary completion rate, both sexes","81.9","","C","79.5","","C","85.2","","C","89.9","","C","","","","","","","","","","97.9","","C","98.5","","C","96.0","","C","96.4","","C","98.0","","C","99.4","","C","96.2","","C","94.6","","C","93.8","","C","98.6","","C","95.7","","C","97.8","","C","98.2","","C","98.6","","C","","","","98.8","","C","98.3","","C","","",""," "," "," "," "," "," "," "," "," "
"352","Iceland","743","N","Primary completion rate, both sexes","","","","","","","","","","","","","","","","","","","","","","","","","89.6","","C","90.0","","C","97.6","","C","107.9","","C","103.0","","C","108.0","","C","98.5","","C","100.1","","C","99.5","","C","97.4","","C","96.3","","C","99.8","","C","97.7","","C","98.5","","C","96.7","","C","","","","","",""," "," "," "," "," "," "," "," "," "
"356","India","743","N","Primary completion rate, both sexes","","","","","","","","","","","","","","","","73.9","","C","","","","","","","","","","70.0","","C","72.9","","C","73.7","","C","77.2","","C","81.8","","C"," "," "," "," "," "," "," "," "," ","","","","98.3","","C","99.6","","C","","","","96.5","","C","","","","","","","","",""," "," "," "," "," "," "," "," "," "
"360","Indonesia","743","N","Primary completion rate, both sexes","94.8","","C","91.7","","C","90.1","","C","93.6","","C","96.1","","C","96.0","","C","94.9","","C","95.5","","C","","","","","","","","","","95.0","","C","96.6","","C","97.4","","C","97.4","","C","96.0","","E","94.2","","C","98.4","","C","98.7","","C","100.7","","C","102.7","","C","99.7","","C","104.5","","C","","","","","",""," "," "," "," "," "," "," "," "," "
"364","Iran (Islamic Republic of)","743","N","Primary completion rate, both sexes","84.6","","C","88.2","","C","91.5","","C","96.9","","C","94.9","","C","98.8","","C","","","","97.3","","C","","","","","","","92.7","","C","96.5","","C","96.6","","C","93.2","","C","103.8","","C","107.1","","C","99.8","","C","95.7","","C","98.4","","C","102.6","","C","104.4","","C","104.0","","C","102.2","","C","103.9","","C","","",""," "," "," "," "," "," "," "," "," "
"368","Iraq","743","N","Primary completion rate, both sexes","","","","","","","","","","59.3","","C","","","","","","","","","","","","","","","","56.6","","E","55.5","","C","","","","","","","","","","79.1","","C","","","","","","","66.3","","E"," "," "," ","","","","","","","","","","","","","","","","","",""," "," "," "," "," "," "," "," "," "
"372","Ireland","743","N","Primary completion rate, both sexes","","","","","","","103.1","","C","104.0","","C","102.2","","C","101.1","","C","","","","","","","94.6","","C","95.9","","C","94.6","","C","91.6","","C","94.1","","C","97.3","","C","97.9","","C","95.3","","C"," "," "," "," "," "," "," "," "," "," "," "," "," "," "," "," "," "," ","","","","","","","","",""," "," "," "," "," "," "," "," "," "
"376","Israel","743","N","Primary completion rate, both sexes","","","","","","","","","","","","","","","","","","","","","","","","","","","","","","","","","","","","","104.5","","C","104.6","","C","108.1","","C","104.1","","C","102.7","","C","103.5","","C","100.2","","C","103.3","","C","101.6","","C","101.0","","C","106.1","","C","102.0","","C","","",""," "," "," "," "," "," "," "," "," "
"380","Italy","743","N","Primary completion rate, both sexes","99.8","","C","97.6","","C","98.7","","C","","","","101.0","","C","99.9","","C","100.5","","C","97.1","","C","","","","101.4","","C","101.9","","C","104.4","","C","102.4","","C","102.1","","C","100.0","","C","98.1","","C","98.9","","C","101.2","","C","104.5","","C","102.1","","C","102.2","","C","102.7","","C","98.8","","C","","","","","",""," "," "," "," "," "," "," "," "," "
"388","Jamaica","743","N","Primary completion rate, both sexes","97.0","","C","94.2","","C","","","","90.6","","C","","","","","","","","","","","","","","","","","","","87.9","","C","81.9","","C","87.9","","C"," "," "," ","88.0","","C","","","","","",""," "," "," ","","",""," "," "," "," "," "," "," "," "," "," "," "," "," "," "," ","","",""," "," "," "," "," "," "," "," "," "
"392","Japan","743","N","Primary completion rate, both sexes","103.4","","C","103.3","","C","101.2","","C","","","","98.9","","C","","","","","","","","","","103.1","","C","102.7","","C","102.4","","C","102.7","","C","99.4","","C","99.1","","C","100.9","","C","101.1","","C","100.9","","C","104.3","","C","","","","101.4","","C","100.6","","C","102.1","","C","102.1","","C","","","","","",""," "," "," "," "," "," "," "," "," "
"400","Jordan","743","N","Primary completion rate, both sexes","95.7","","C","97.6","","C","97.5","","C","96.1","","C","98.8","","C","","","","95.5","","C","","","","","","","97.8","","C","101.0","","C","","","","98.0","","C","101.0","","C","101.2","","C","104.1","","C","101.2","","E","105.8","","E","105.4","","E"," "," "," "," "," "," ","92.8","","C"," "," "," ","","","","","",""," "," "," "," "," "," "," "," "," "
"398","Kazakhstan","743","N","Primary completion rate, both sexes","","","","","","","","","","","","","108.3","","C","104.3","","C","","","","102.2","","C","98.2","","C","","","","94.9","","E","97.3","","C","98.6","","C","99.9","","C","106.8","","C","107.6","","C","103.5","","C","99.8","","C","102.5","","C","101.8","","C","103.1","","C","108.4","","C","101.5","","C","102.2","","C"," "," "," "," "," "," "," "," "," "," "," "," "
"404","Kenya","743","N","Primary completion rate, both sexes","","","","","","","","","","","","","","","","","","","","","","","","","","","","","","","","","","","","","","","","","","","88.8","","C","90.7","","E","","","","","","","","","","","","","","","","","","","","","","","","","","",""," "," "," "," "," "," "," "," "," "
"296","Kiribati","743","N","Primary completion rate, both sexes","102.8","","C","113.5","","C","112.8","","C","108.5","","C","110.7","","C","113.0","","C","125.1","","C","127.6","","C","","","","110.9","","C","102.1","","C","119.4","","C","111.2","","C","115.7","","C","116.0","","C","117.1","","C","114.7","","C","124.4","","C","115.2","","C","","","","","","","","","","","","","","","","","",""," "," "," "," "," "," "," "," "," "
"408","Korea, Democratic People's Republic of","743","N","Primary completion rate, both sexes","","","","","","","","","","","","","","","","","","","","","","","","","","","","","","","","","","","","","","","","","","","","","","","","","","","","","","","","",""," "," "," ","","","","","","","","","","","","","","",""," "," "," "," "," "," "," "," "," "
"410","Korea, Republic of","743","N","Primary completion rate, both sexes","99.2","","C","97.3","","C","109.0","","C","109.1","","C","111.7","","C","111.4","","C","","","","","","","100.2","","C","104.5","","C","104.1","","C","100.7","","C","96.0","","C","102.6","","C","101.7","","C","99.5","","C","100.2","","C","101.5","","C","99.5","","C","100.2","","C","100.0","","C","103.0","","C","","","","110.5","","C","104.5","","C"," "," "," "," "," "," "," "," "," "
"414","Kuwait","743","N","Primary completion rate, both sexes","","","","","","","57.0","","C","","","","85.6","","C","81.0","","C","119.4","","C","117.0","","C","","","","114.8","","C","114.6","","C","101.2","","C","106.7","","C","110.0","","C","110.0","","C","118.0","","C"," "," "," ","107.8","","C","","",""," "," "," "," "," "," "," "," "," "," "," "," ","","","","","",""," "," "," "," "," "," "," "," "," "
"417","Kyrgyzstan","743","N","Primary completion rate, both sexes","","","","","","","","","","","","","","","","103.4","","C","99.7","","C","","","","","","","93.6","","C","93.4","","C","93.3","","C","93.5","","C","90.8","","C","93.4","","C","98.4","","C","102.0","","C","96.9","","C","94.9","","C","97.2","","C","96.6","","C","95.8","","C","97.7","","C","103.0","","C","","",""," "," "," "," "," "," "," "," "," "
"418","Lao People's Democratic Republic","743","N","Primary completion rate, both sexes","43.5","","C","","","","40.5","","C","43.6","","C","48.7","","C","","","","56.8","","C","59.6","","C","63.8","","C","69.0","","C","67.1","","C","66.9","","C","67.1","","C","66.3","","C","66.4","","C","68.4","","C","71.7","","C","73.6","","C","75.5","","C","78.4","","C","82.9","","C","90.1","","C","95.1","","C","101.0","","C","","",""," "," "," "," "," "," "," "," "," "
"428","Latvia","743","N","Primary completion rate, both sexes","","","","","","","","","","","","","","","","73.8","","C","73.7","","C","88.2","","C","","","","94.9","","C","96.2","","C","100.0","","C","98.4","","C","101.4","","C","95.4","","C","91.5","","C","91.0","","C","92.3","","C","92.0","","C","91.3","","C","96.3","","C","98.7","","C","103.3","","C","106.1","","C","","",""," "," "," "," "," "," "," "," "," "
"422","Lebanon","743","N","Primary completion rate, both sexes","","","","","","","","","","","","","","","","","","","","","","97.9","","C","103.3","","C","120.1","","E","115.4","","E","111.8","","E","103.4","","E","98.4","","E","91.1","","E","83.1","","E","80.5","","C","82.2","","C","84.8","","C","84.0","","C","86.8","","C","84.7","","C","86.2","","C","89.3","","C","","",""," "," "," "," "," "," "," "," "," "
"426","Lesotho","743","N","Primary completion rate, both sexes","59.6","","C","60.3","","C","63.0","","C","62.9","","C","65.3","","C","69.2","","C","66.9","","C","66.4","","C","66.6","","C","65.2","","C","63.7","","C","65.6","","C","66.4","","C","67.9","","C","69.7","","C","64.1","","C","80.4","","C","75.0","","C","72.0","","C","71.4","","E","73.1","","C","72.6","","E","72.5","","C","74.1","","C","","",""," "," "," "," "," "," "," "," "," "
"430","Liberia","743","N","Primary completion rate, both sexes","","","","","","","","","","","","","","","","","","","","","","","","","","","","","","","","","","","","","","","","","","","","","","","","","64.7","","E","","","","61.2","","C","60.4","","C","","","","65.2","","C","","","","","","","58.8","","C"," "," "," "," "," "," "," "," "," "
"434","Libyan Arab Jamahiriya","743","N","Primary completion rate, both sexes","","","","","","","","","","","","","","","","","","","","","","","","","","","","","","","","","","","","","","","","","","","","","","","","","","","","","","","","","","","","","","","","","","","","","","","","","","",""," "," "," "," "," "," "," "," "," "
"438","Liechtenstein","743","N","Primary completion rate, both sexes","","","","","","","","","","","","","","","","","","","","","","","","","","","","","","","","","","","","","","","","90.4","","C","109.0","","C","","","","101.8","","C","102.9","","C","103.6","","C","94.6","","C","111.1","","C","100.7","","C","102.2","","C","","","","","",""," "," "," "," "," "," "," "," "," "
"440","Lithuania","743","N","Primary completion rate, both sexes","","","","","","","","","","","","","","","","93.3","","C","97.6","","C","99.3","","C","","","","97.3","","C","97.7","","C","104.0","","C","105.3","","C","107.7","","C","101.7","","C","94.4","","C","97.0","","C","100.5","","C","97.1","","C","101.5","","C","105.3","","C","101.0","","C","98.2","","C","96.4","","C","","",""," "," "," "," "," "," "," "," "," "
"442","Luxembourg","743","N","Primary completion rate, both sexes","","","","","","","","","","","","","","","","","","","","","","","","","","",""," "," "," ","","",""," "," "," ","","","","","",""," "," "," "," "," "," "," "," "," "," "," "," "," "," "," ","","","","84.0","","C","84.4","","C","85.3","","C","","","","","",""," "," "," "," "," "," "," "," "," "
"450","Madagascar","743","N","Primary completion rate, both sexes","35.0","","C","34.7","","C","32.6","","C","34.2","","C","31.5","","C","31.0","","C","30.7","","C","","","","30.2","","C","33.0","","E","35.9","","C","35.6","","C","35.7","","C","39.6","","C","45.5","","C","57.8","","C","56.7","","C","60.9","","C","67.3","","C","74.0","","C","70.5","","C","71.0","","C","69.5","","C","68.5","","C","","",""," "," "," "," "," "," "," "," "," "
"454","Malawi","743","N","Primary completion rate, both sexes","28.2","","C","31.6","","C","35.6","","C","38.6","","C","42.0","","C","55.8","","C","65.2","","C","","","","","","","67.1","","C","65.2","","C","65.3","","C","67.6","","C","","","","58.0","","C","57.7","","C","57.6","","C","58.7","","C","63.5","","C","65.3","","C","67.7","","C","70.6","","C","74.2","","C","75.3","","E","","",""," "," "," "," "," "," "," "," "," "
"458","Malaysia","743","N","Primary completion rate, both sexes","87.9","","C","89.2","","C","","","","92.1","","C","","","","","","","","","","","","","97.1","","C","95.0","","C"," "," "," "," "," "," ","92.2","","C","92.5","","C","96.9","","C","100.5","","C"," "," "," "," "," "," "," "," "," "," "," "," "," "," "," "," "," "," "," "," "," ","","","","","",""," "," "," "," "," "," "," "," "," "
"462","Maldives","743","N","Primary completion rate, both sexes","","","","","","","","","","","","","","","","","","","","","","121.7","","C","","","","","","","","","","183.6","","C","193.3","","C","189.1","","C","187.3","","C","143.9","","C","132.3","","C"," "," "," "," "," "," "," "," "," "," "," "," "," "," "," "," "," "," ","","","","","",""," "," "," "," "," "," "," "," "," "
"466","Mali","743","N","Primary completion rate, both sexes","","","","","","","","","","","","","","","","","","","","","","","","","","",""," "," "," ","33.1","","C","37.4","","E","38.6","","C","42.0","","C","44.1","","C","45.8","","C","51.4","","C","54.6","","E","57.2","","C","58.7","","C","61.7","","C","62.4","","C","58.7","","C","58.8","","C","","",""," "," "," "," "," "," "," "," "," "
"470","Malta","743","N","Primary completion rate, both sexes","94.1","","C","92.0","","C","93.9","","C","96.0","","C","94.8","","C","90.1","","C","89.7","","C","87.8","","C","88.9","","C","90.9","","C","94.2","","C","94.0","","C","96.2","","C","96.3","","C","95.5","","C","93.3","","C","97.6","","C","94.2","","C","95.4","","C","87.6","","C","90.8","","C","92.0","","C","87.5","","C","","","","","",""," "," "," "," "," "," "," "," "," "
"584","Marshall Islands","743","N","Primary completion rate, both sexes","","","","","","","","","","","","","","","","","","","","","","","","","","","","92.5","","C","","","","","","","114.3","","C","103.7","","C","","","","110.2","","C","114.7","","C","117.0","","C","114.3","","C","109.1","","C","","","","99.8","","C","","","","","","","","",""," "," "," "," "," "," "," "," "," "
"474","Martinique","743","N","Primary completion rate, both sexes","","","","","","","106.3","","C","","","","","","","","","","","","","","","","","","","","","","","","","","","","","","","","","","","","","","","","","","","","","","","","","","","","","","","","","","","","","","","","","",""," "," "," "," "," "," "," "," "," "
"478","Mauritania","743","N","Primary completion rate, both sexes","28.8","","C","32.4","","C","31.3","","C","32.8","","C","32.4","","C","33.3","","C","34.1","","C","38.4","","C","43.7","","C","44.9","","C","","","","45.1","","C","42.7","","C"," "," "," "," "," "," ","42.5","","C","43.6","","C","55.0","","C"," "," "," ","67.4","","C"," "," "," ","","","","68.7","","C","70.9","","C","","",""," "," "," "," "," "," "," "," "," "
"480","Mauritius","743","N","Primary completion rate, both sexes","113.6","","C","114.1","","C","109.7","","C","102.0","","C","97.5","","C","95.9","","C","93.8","","C","93.8","","C","97.4","","C","102.6","","C","102.8","","C","102.4","","C","99.8","","C","101.7","","C","99.2","","C","100.8","","C","98.1","","C","100.7","","C","100.5","","C","98.5","","C","103.6","","C","102.3","","C","99.3","","C","101.5","","C","","",""," "," "," "," "," "," "," "," "," "
"175","Mayotte","743","N","Primary completion rate, both sexes","","","","","","","","","","","","","","","","","","","","","","","","","","","","","","","","","","","","","","","","","","","","","","","","","","","","","","","","","","","","","","","","","","","","","","","","","","",""," "," "," "," "," "," "," "," "," "
"484","Mexico","743","N","Primary completion rate, both sexes","86.6","","C","86.2","","C","87.9","","C","89.0","","C","90.5","","C","93.3","","C","94.9","","C","94.9","","C","","","","94.6","","C","95.0","","C","95.1","","C","96.0","","C","95.4","","C","96.5","","C","96.6","","C","96.3","","C","96.5","","C","95.2","","C","92.9","","C","92.7","","C","92.7","","C","99.1","","C","103.2","","C","","",""," "," "," "," "," "," "," "," "," "
"583","Micronesia, Federated States of","743","N","Primary completion rate, both sexes","","","","","","","","","","","","","","","","","","","","","","","","","","","","","","","","","","","","","","","","","","","","","","","","","","","","","","","","","","","","","","","","","","","","","","","","","","",""," "," "," "," "," "," "," "," "," "
"492","Monaco","743","N","Primary completion rate, both sexes","","","","","","","","","","","","","","","","","","","","","","","","","","","","","","","","","","","","","","","","","","","","","","","","","","","","","","","","","","","","","","","","","","","","","","","","","","",""," "," "," "," "," "," "," "," "," "
"496","Mongolia","743","N","Primary completion rate, both sexes","","","","","","","","","","","","","","","","74.7","","C","79.6","","C","77.1","","C","88.6","","C","86.8","","C","86.9","","C","92.0","","C","99.4","","C","101.0","","C","97.8","","C","96.2","","C"," "," "," "," "," "," "," "," "," "," "," "," "," "," "," "," "," "," "," "," "," "," "," "," ","","",""," "," "," "," "," "," "," "," "," "
"499","Montenegro","743","N","Primary completion rate, both sexes","","","","","","","","","","","","","","","","","","","","","","","","","","","","","","","","","","","","","","","","","","","","","","","","","","","","","","","","","","","","","","","","75.1","","C","101.0","","C","","","","","",""," "," "," "," "," "," "," "," "," "
"500","Montserrat","743","N","Primary completion rate, both sexes","","","","","","","","","","","","","","","","","","","","","","","","","","",""," "," "," "," "," "," "," "," "," ","87.5","","C","","","","59.3","","C","110.5","","C","108.6","","E","68.9","","C","","","","","","","","","","","","","","","","","","","","",""," "," "," "," "," "," "," "," "," "
"504","Morocco","743","N","Primary completion rate, both sexes","50.2","","C","46.7","","C","45.3","","C","45.6","","C","45.8","","C","47.4","","C","48.1","","C","49.8","","C","53.0","","C","54.9","","C","57.7","","C","59.2","","C","61.6","","C","65.9","","C","73.4","","C","78.0","","C","81.6","","C","81.8","","C","80.4","","C","79.8","","C","83.9","","C","88.9","","C","99.3","","C","98.9","","C","100.7","","C"," "," "," "," "," "," "," "," "," "
"508","Mozambique","743","N","Primary completion rate, both sexes","26.5","","C","26.7","","C","24.9","","C","24.9","","C","25.4","","C","25.9","","C","","","","","","","","","","14.0","","C","16.1","","C","18.8","","C","22.2","","C","","","","29.3","","C","41.2","","C","41.0","","C","45.6","","C","58.7","","C","56.3","","C","60.3","","C","55.7","","C","52.2","","C","49.2","","C","","",""," "," "," "," "," "," "," "," "," "
"104","Myanmar","743","N","Primary completion rate, both sexes","","","","","","","","","","","","","","","","","","","","","","","","","","","","69.8","","C","75.9","","C","75.3","","C","76.4","","C","79.0","","C","81.6","","C","","","","88.1","","C","89.2","","C","91.3","","C","92.0","","C","95.0","","C","","","","","","","","","","","",""," "," "," "," "," "," "," "," "," "
"516","Namibia","743","N","Primary completion rate, both sexes","","","","","","","74.1","","C","","","","72.0","","C","69.4","","C","77.6","","C","","","","95.9","","C","94.5","","C","91.2","","C","93.8","","E","92.4","","E","92.8","","E","85.3","","E","85.3","","C","82.4","","C","","","","78.7","","C","84.3","","C","81.2","","C","","","","85.4","","C","","","","","",""," "," "," "," "," "," "," "," "," "
"520","Nauru","743","N","Primary completion rate, both sexes","","","","","","","","","","","","","","","","","","","","","","","","","","","","","","","","","","87.0","","C","","","","","","","","","","","","","","","","97.3","","C","","","","","","","","","","","","","94.9","","C","","","","","",""," "," "," "," "," "," "," "," "," "
"524","Nepal","743","N","Primary completion rate, both sexes","","","","54.8","","C","60.1","","C","","","","","","","","","","","","","","","","","","","66.4","","C","69.5","","C","69.9","","C","75.7","","C","77.4","","C","77.5","","E","80.7","","E","81.1","","C","","","","81.9","","C","","","","","","","","","","101.0","","C","99.8","","C","101.6","","C"," "," "," "," "," "," "," "," "," "
"528","Netherlands","743","N","Primary completion rate, both sexes","","","","","","","","","","","","","","","","","","","","","","","","","","","","99.6","","C","98.5","","C","98.9","","C","101.2","","C","","","","","","","","","","","","","","","","","","","","","","","","","","","","","","","","","","","",""," "," "," "," "," "," "," "," "," "
"530","Netherlands Antilles","743","N","Primary completion rate, both sexes","","","","","","","","","","","","","","","","","","","","","","","","","","","","","","","","","","","","","","","","","","","","","","","","","","","","","","","","","","","","","","","","","","","","","","","","","","",""," "," "," "," "," "," "," "," "," "
"540","New Caledonia","743","N","Primary completion rate, both sexes","","","","","","","","","","","","","","","","","","","","","","","","","","","","","","","","","","","","","","","","","","","","","","","","","","","","","","","","","","","","","","","","","","","","","","","","","","",""," "," "," "," "," "," "," "," "," "
"554","New Zealand","743","N","Primary completion rate, both sexes","","","","","","","","","","","","","","","","","","","","","","","","","","","","","","","","","","","","","","","","","","","","","","","","","","","","","","","","","","","","","","","","","","","","","","","","","","",""," "," "," "," "," "," "," "," "," "
"558","Nicaragua","743","N","Primary completion rate, both sexes","39.2","","C","42.2","","C","44.4","","C","48.7","","C","53.7","","C","49.2","","C","","","","","","","","","","66.9","","C","65.8","","C","66.2","","C","72.8","","C","71.6","","E","71.4","","C","74.0","","C","74.7","","C","75.7","","C","75.4","","C","","","","80.4","","C","","","","","","","","","","","",""," "," "," "," "," "," "," "," "," "
"562","Niger","743","N","Primary completion rate, both sexes","17.0","","C","18.1","","C","19.0","","C","16.9","","C","","","","14.2","","C","14.6","","C","18.8","","C","19.8","","C","20.4","","C","19.2","","C","20.2","","C","21.9","","C","21.3","","C","27.6","","C","30.5","","C","33.3","","C","40.4","","C","38.9","","C","41.1","","C","40.9","","C","45.5","","C","49.3","","C","49.6","","C","","",""," "," "," "," "," "," "," "," "," "
"566","Nigeria","743","N","Primary completion rate, both sexes","","","","","","","","","","","","","","","","","","","","","","","","","","","","","","","","","","","","","","","","","","","79.5","","C","82.6","","C","90.6","","C","80.5","","C","69.4","","E","73.3","","E","76.0","","E","","","","","",""," "," "," ","","",""," "," "," "," "," "," "," "," "," "
"570","Niue","743","N","Primary completion rate, both sexes","","","","","","","","","","","","","","","","","","","","","","","","","97.9","","C","85.4","","C","","","","105.0","","C","","","","","","","115.4","","C","","","","","","","","","","","","","","","","","","","","","","","","","","","","","",""," "," "," "," "," "," "," "," "," "
"580","Northern Mariana Islands","743","N","Primary completion rate, both sexes","","","","","","","","","","","","","","","","","","","","","","","","","","","","","","","","","","","","","","","","","","","","","","","","","","","","","","","","","","","","","","","","","","","","","","","","","","",""," "," "," "," "," "," "," "," "," "
"578","Norway","743","N","Primary completion rate, both sexes","95.2","","C","100.0","","C","101.3","","C","100.0","","C","","","","","","","","","","","","","97.7","","C","97.7","","C","98.0","","C","101.6","","C","102.8","","C","103.6","","C","102.7","","C","100.2","","C","97.6","","C","98.0","","C","99.4","","C","101.4","","C","99.4","","C","97.7","","C","99.3","","C","100.4","","C","","",""," "," "," "," "," "," "," "," "," "
"512","Oman","743","N","Primary completion rate, both sexes","65.0","","C","","","","73.8","","C","","","","71.7","","C","74.3","","C","76.9","","C","79.6","","C","82.1","","C","84.5","","C","83.5","","C","85.1","","C","87.9","","C","88.4","","C"," "," "," ","","","","","","","","","","","","","93.3","","C"," "," "," ","100.8","","C","103.7","","C","97.6","","C","","",""," "," "," "," "," "," "," "," "," "
"586","Pakistan","743","N","Primary completion rate, both sexes","","","","","","","","","","","","","","","","","","","","","","","","","","","","","","","","","","","","","","","","","","","","","","61.2","","C","60.4","","C","60.6","","C","60.7","","C","62.2","","C","66.9","","C","66.6","","C","71.9","","C","73.1","","C","","",""," "," "," "," "," "," "," "," "," "
"585","Palau","743","N","Primary completion rate, both sexes","","","","","","","","","","","","","","","","","","","","","","","","","","","","","","","98.8","","C","","","","","","","","","","104.5","","C","","","","","","","","","","","","","","","","","","","","","","","","","108.4","","C","95.5","","C"," "," "," "," "," "," "," "," "," "
"591","Panama","743","N","Primary completion rate, both sexes","","","","","","","","","","","","","","","","","","","","","","","","","","","","89.3","","C","91.5","","C","91.6","","C","91.9","","C","","","","92.4","","C","91.8","","C","89.2","","C","93.2","","C","96.2","","C","96.0","","C","92.0","","C","96.0","","C","97.7","","C","96.4","","C","","",""," "," "," "," "," "," "," "," "," "
"598","Papua New Guinea","743","N","Primary completion rate, both sexes","45.1","","C","43.3","","C","44.1","","C","","","","50.1","","C","50.0","","C","51.5","","C","49.9","","C","51.3","","C","","","","55.1","","C","55.7","","C","56.7","","C","58.1","","C","","","","","","","","","","","","","","","","","","","","","","","","","78.1","","C","","","","","",""," "," "," "," "," "," "," "," "," "
"600","Paraguay","743","N","Primary completion rate, both sexes","65.2","","C","68.4","","C","71.8","","C","75.0","","C","74.6","","C","76.6","","C","81.1","","C","","","","91.7","","C","88.9","","E","91.9","","E","91.8","","C","93.4","","C","95.8","","C","94.4","","C","94.8","","C","94.0","","C","94.5","","C","94.2","","C","93.4","","C","90.8","","C","86.0","","C","83.7","","C","","","","","",""," "," "," "," "," "," "," "," "," "
"604","Peru","743","N","Primary completion rate, both sexes","","","","","","","","","","87.8","","C","","","","89.4","","C","","","","","","","98.3","","C","103.2","","C","101.9","","C","97.3","","C","96.8","","C","101.5","","E","101.0","","C","100.6","","C","101.2","","C","103.0","","C","101.4","","C","97.9","","C","99.0","","C","96.1","","C","91.0","","C","92.5","","C","","",""," "," "," "," "," "," "," "," "," "
"608","Philippines","743","N","Primary completion rate, both sexes","89.2","","C","","","","","","","","","","","","","","","","","","","","","","84.7","","C","86.4","","C","","","","100.4","","C","94.5","","C","95.2","","C","94.0","","C","93.9","","C","91.5","","C","91.3","","C","92.0","","C","91.3","","C","","","","","","","","","","93.7","","C","","",""," "," "," "," "," "," "," "," "," "
"616","Poland","743","N","Primary completion rate, both sexes","96.9","","C","95.2","","C","96.3","","C","98.4","","C","95.0","","C","94.6","","C","97.5","","C","98.8","","C","97.3","","C","96.5","","C","95.5","","C","97.1","","C","97.0","","C","98.3","","C","98.9","","C","96.2","","C","95.5","","C","95.3","","C","","","","94.8","","C","95.4","","C","95.5","","C","","","","97.7","","C","","",""," "," "," "," "," "," "," "," "," "
"620","Portugal","743","N","Primary completion rate, both sexes","","","","","","","","","","","","","","","","","","","","","","","","","","","","","","","","","","","","","","","","","","","","","","","","","","","","","","","","","","","","","","","","","","","","","","","","","","",""," "," "," "," "," "," "," "," "," "
"630","Puerto Rico","743","N","Primary completion rate, both sexes","","","","","","","","","","","","","","","","","","","","","","","","","","","","","","","","","","","","","","","","","","","","","","","","","","","","","","","","","","","","","","","","","","","","","","","","","","",""," "," "," "," "," "," "," "," "," "
"634","Qatar","743","N","Primary completion rate, both sexes","73.0","","C","73.6","","C","67.4","","C","67.4","","C","68.5","","C","64.3","","C","55.6","","C","","","","90.8","","C","92.0","","E","","","","","","","","","","105.1","","E","","","","99.3","","E"," "," "," "," "," "," "," "," "," "," "," "," "," "," "," "," "," "," ","","",""," "," "," ","","",""," "," "," "," "," "," "," "," "," "
"498","Republic of Moldova","743","N","Primary completion rate, both sexes","","","","","","","","","","","","","","","","94.9","","C","","","","","","","","","","94.4","","C","97.8","","C","97.3","","C","97.1","","C","95.4","","C","96.2","","C","99.5","","C","98.0","","C","92.9","","C","91.4","","C","92.8","","C","92.0","","C","91.1","","C","89.6","","C","93.0","","C","","",""," "," "," "," "," "," "," "," "," "
"638","Reunion","743","N","Primary completion rate, both sexes","","","","","","","","","","","","","","","","","","","","","","","","","","","","","","","","","","","","","","","","","","","","","","","","","","","","","","","","","","","","","","","","","","","","","","","","","","",""," "," "," "," "," "," "," "," "," "
"642","Romania","743","N","Primary completion rate, both sexes","88.4","","C","","","","","","","83.5","","C","","","","92.5","","C","90.7","","C","93.0","","C","","","","89.0","","C","89.6","","C","90.4","","C","89.2","","C","95.7","","C","102.0","","C","105.7","","C","99.6","","C"," "," "," ","91.5","","C","92.8","","C","94.4","","C","97.3","","C","93.7","","C","","","","","",""," "," "," "," "," "," "," "," "," "
"643","Russian Federation","743","N","Primary completion rate, both sexes","","","","","","","","","","","","","93.8","","C","92.0","","C","","","","","","","","","","90.4","","C","90.6","","C","92.5","","C"," "," "," "," "," "," "," "," "," "," "," "," "," "," "," ","90.6","","C","93.1","","C","97.9","","C","","","","96.4","","C","97.1","","C","99.9","","C","","",""," "," "," "," "," "," "," "," "," "
"646","Rwanda","743","N","Primary completion rate, both sexes","43.1","","C","43.5","","C","46.6","","C","","","","","","","","","","","","","","","","","","","29.4","","C","23.1","","C","24.5","","C","31.1","","C","42.6","","C","43.3","","C","","","","","","","","","","43.2","","C","53.6","","C","52.8","","C","","","","57.7","","C","59.3","","C","","",""," "," "," "," "," "," "," "," "," "
"659","Saint Kitts and Nevis","743","N","Primary completion rate, both sexes","","","","","","","118.2","","C","","","","","","","","","","","","","","","","","","","","","","103.2","","C","103.2","","C","107.3","","C","96.5","","C","107.0","","C","106.9","","C","","","","93.1","","C","84.6","","C","93.6","","C","88.8","","C","93.0","","C","92.6","","C","89.7","","C","","",""," "," "," "," "," "," "," "," "," "
"662","Saint Lucia","743","N","Primary completion rate, both sexes","123.9","","C","116.8","","C","","","","119.9","","C","","","","","","","","","","","","","","","","","","","","","","","","","105.3","","C","104.7","","C","103.8","","C","99.5","","C","106.9","","C","107.6","","C"," "," "," "," "," "," "," "," "," "," "," "," "," "," "," "," "," "," ","","",""," "," "," "," "," "," "," "," "," "
"670","Saint Vincent and the Grenadines","743","N","Primary completion rate, both sexes","","","","","","","","","","","","","","","","","","","","","","","","","","","","","","","","","","","","","","","","93.0","","C","102.2","","C","","","","","","","","","","109.3","","C","","","","94.1","","C","87.7","","C","98.9","","C","107.5","","C","","",""," "," "," "," "," "," "," "," "," "
"882","Samoa","743","N","Primary completion rate, both sexes","","","","","","","","","","","","","95.1","","C","94.3","","C","93.0","","C","99.0","","C","97.6","","C","95.1","","C","94.0","","C","92.2","","C","96.8","","C","100.1","","C","98.3","","C","105.7","","C","105.7","","C","110.4","","C","","","","104.6","","C","106.5","","C","104.2","","C","102.4","","C","","","","","",""," "," "," "," "," "," "," "," "," "
"674","San Marino","743","N","Primary completion rate, both sexes","","","","","","","","","","","","","","","","","","","","","","","","","","","","","","","","","","","","","","","","","","","","","","","","","","","","","","","","","","91.6","","C","101.2","","E","93.5","","C","95.3","","C","","","","","",""," "," "," "," "," "," "," "," "," "
"678","Sao Tome and Principe","743","N","Primary completion rate, both sexes","77.4","","C","","","","","","","","","","","","","","","","","","","","","","","","","42.7","","C","","","","","","","56.1","","E","55.9","","C","70.0","","C","72.9","","C","","","","73.2","","C","77.4","","C","87.1","","C","88.5","","C","117.4","","C"," "," "," ","104.0","","C","94.2","","C"," "," "," "," "," "," "," "," "," "
"682","Saudi Arabia","743","N","Primary completion rate, both sexes","","","","","","","","","","","","","","","","","","","","","","","","","","","","","","","","","","","","","","","","","",""," "," "," ","87.7","","C","","","","90.8","","C","94.5","","C","","",""," "," "," ","102.7","","C","106.0","","C","107.8","","C","116.6","","C"," "," "," "," "," "," "," "," "," "
"686","Senegal","743","N","Primary completion rate, both sexes","41.9","","C","","","","39.2","","C","","","","38.7","","C","","","","40.5","","C","40.7","","C","42.8","","C","42.2","","C","38.6","","C","42.9","","C","45.4","","C","45.6","","C","47.6","","C","52.5","","C","49.4","","C","50.8","","E","57.9","","C","58.5","","C","57.9","","C","61.4","","C","60.5","","C","","","","60.9","","C"," "," "," "," "," "," "," "," "," "
"688","Serbia","743","N","Primary completion rate, both sexes","","","","","","","","","","","","","","","","","","","","","","","","","","","","","","","","","","","","","","","","","","","","","","","","","","","","100.5","","C","104.4","","C","96.4","","C","96.4","","C","99.3","","C","93.2","","C","98.9","","C","","",""," "," "," "," "," "," "," "," "," "
"690","Seychelles","743","N","Primary completion rate, both sexes","","","","107.4","","C","102.1","","C","101.4","","C","100.6","","C","","","","","","","107.9","","C","103.6","","C","104.3","","C","102.1","","C","108.8","","C","109.7","","C","111.2","","C","108.3","","C","120.5","","C","","",""," "," "," "," "," "," "," "," "," "," "," "," "," "," "," "," "," "," ","99.3","","C","","",""," "," "," "," "," "," "," "," "," "
"694","Sierra Leone","743","N","Primary completion rate, both sexes","","","","","","","","","","","","","","","","","","","","","","","","","","","","","","","","","","","","","","","","","","","","","","","","","","",""," "," "," ","","","","","","","","","","76.6","","C","72.4","","C","71.0","","C","","",""," "," "," "," "," "," "," "," "," "
"702","Singapore","743","N","Primary completion rate, both sexes","","","","","","","","","","","","","","","","","","","","","","","","","","","","","","","","","","","","","","","","","","","","","","","","","","",""," "," "," "," "," "," "," "," "," ","","","","","","","","","","","","","","",""," "," "," "," "," "," "," "," "," "
"703","Slovakia","743","N","Primary completion rate, both sexes","","","","","","","96.3","","C","96.4","","C","98.5","","C","98.6","","C","97.1","","C","96.1","","C","98.5","","C","98.0","","C","96.7","","C","100.6","","C","98.1","","C","99.1","","C","97.7","","C","93.4","","C","93.8","","C","95.8","","C","98.6","","C","100.7","","C","100.9","","C","98.0","","C","94.8","","C","96.0","","C","","",""," "," "," "," "," "," "," "," "," "
"705","Slovenia","743","N","Primary completion rate, both sexes","","","","","","","","","","93.4","","C","92.7","","C","94.0","","C","93.5","","C","94.9","","C","99.1","","C","99.2","","C","96.1","","C","96.1","","C","96.1","","C","100.7","","C","112.1","","C","","","","","","","","","","95.6","","C","95.1","","C","96.5","","C","95.7","","C","100.9","","C","98.2","","C","","",""," "," "," "," "," "," "," "," "," "
"90","Solomon Islands","743","N","Primary completion rate, both sexes","60.1","","C","71.6","","C","68.8","","C","70.1","","C","72.5","","C","","","","","","","","","","","","","","","","","","","","","","","","","","","","","","","","","","","","","","","","","","","","","","85.1","","C","85.9","","C","85.4","","C","86.3","","C","","",""," "," "," "," "," "," "," "," "," "
"706","Somalia","743","N","Primary completion rate, both sexes","","","","","","","","","","","","","","","","","","","","","","","","","","","","","","","","","","","","","","","","","","","","","","","","","","",""," "," "," ","","","","","","","","","","","","","","","","","","","","",""," "," "," "," "," "," "," "," "," "
"710","South Africa","743","N","Primary completion rate, both sexes","","","","75.9","","C","","","","","","","","","","","","","","","","","","","89.5","","C","84.8","","C","86.6","","C"," "," "," ","91.3","","C","94.5","","C","98.5","","C","","","","","","","","","","","","","","","","","","","","","","","","","","","","","",""," "," "," "," "," "," "," "," "," "
"728","South Sudan","743","N","Primary completion rate, both sexes","","","","","","","","","","","","","","","","","","","","","","","","","","","","","","","","","","","","","","","","","","","","","","","","","","","","","","","","","","","","","","","","37.4","","C","","","","","","","","",""," "," "," "," "," "," "," "," "," "
"724","Spain","743","N","Primary completion rate, both sexes","101.3","","C","","","","","","","101.8","","C","102.7","","C","","","","","","","","","","","","","","","","","","","","","","","","","","","","103.7","","C","","","","97.7","","C","98.7","","C","100.1","","C","102.4","","C","103.3","","C","102.3","","C","102.2","","C","99.2","","C","","",""," "," "," "," "," "," "," "," "," "
"144","Sri Lanka","743","N","Primary completion rate, both sexes","96.9","","C","99.4","","C","99.3","","C","","","","","","","","","","","","","","","","97.3","","C","","","","","","","106.5","","C","111.6","","C","104.0","","C","","","","99.6","","C","98.8","","C","96.3","","E","91.7","","C","92.0","","C","98.9","","C","100.0","","C","96.8","","C","97.4","","C","","",""," "," "," "," "," "," "," "," "," "
"275","State of Palestine","743","N","Primary completion rate, both sexes","","","","","","","","","","","","","","","","89.3","","C","90.4","","C","90.8","","C","","","","99.4","","C","97.6","","C","97.5","","C","93.4","","C","97.0","","C","89.6","","C","92.4","","C"," "," "," ","86.1","","C","87.9","","C","89.7","","C","94.3","","C","90.4","","C","90.2","","C","93.3","","C","","",""," "," "," "," "," "," "," "," "," "
"729","Sudan","743","N","Primary completion rate, both sexes","","","","","","","","","","","","","","","","","","","","","","","","","","","","","","","","","","","","","","","","","","","","","","","","","","","","","","","","","","","","","60.5","","C","","","","57.0","","C","","","","","",""," "," "," "," "," "," "," "," "," "
"736","Sudan (former)","743","N","Primary completion rate, both sexes","","","","","","","","","","","","","","","","","","","","","","","","","","","","","","","","","","","","","","","","","","","","","","","","","","","","","","","","","","","","","","","","","","","","","","","","","","",""," "," "," "," "," "," "," "," "," "
"740","Suriname","743","N","Primary completion rate, both sexes","","","","","","","","","","","","","","","","","","","","","","","","","","","","","","","","","","","","","","","","","","","","","","83.9","","C","91.7","","C","76.5","","C","86.6","","C","86.1","","C","","","","87.7","","C","","","","85.0","","C","","",""," "," "," "," "," "," "," "," "," "
"748","Swaziland","743","N","Primary completion rate, both sexes","62.8","","C","60.8","","C","60.5","","C","60.8","","C","61.8","","C","63.4","","C","60.9","","C","61.6","","C","63.1","","C","59.9","","C","60.9","","C","58.4","","C","61.5","","C","59.7","","C","62.4","","C","65.6","","C","66.3","","C","73.3","","C","","","","72.2","","C","76.7","","C","76.8","","C","77.5","","C","","","","","",""," "," "," "," "," "," "," "," "," "
"752","Sweden","743","N","Primary completion rate, both sexes","96.5","","C","96.3","","C","100.6","","C","106.1","","C","104.3","","C","","","","","","","","","","","","","100.4","","C","99.6","","C","102.3","","C","102.6","","C","106.5","","C","104.2","","C","100.2","","C","95.7","","C","95.1","","C","94.2","","C","93.1","","C","96.7","","C","101.5","","C","102.2","","C","101.5","","C","","",""," "," "," "," "," "," "," "," "," "
"756","Switzerland","743","N","Primary completion rate, both sexes","51.2","","C","53.6","","C","55.2","","C","61.2","","C","62.3","","C","","","","73.0","","C","","","","","","","95.3","","C","96.4","","C","97.7","","C","98.0","","C","98.2","","C","99.2","","C","96.7","","C","93.7","","C","93.1","","C","94.1","","C","95.8","","C","95.9","","C","96.4","","C","96.8","","C"," "," "," ","","",""," "," "," "," "," "," "," "," "," "
"760","Syrian Arab Republic","743","N","Primary completion rate, both sexes","90.1","","C","91.7","","C","96.1","","C","88.2","","C","90.4","","C","89.8","","C","91.6","","C","91.5","","C","91.5","","C","92.0","","C","91.5","","C","93.1","","C","95.4","","C","106.6","","C","108.1","","C","109.6","","C","109.5","","C","107.3","","C","106.0","","C","104.8","","C","104.0","","C","105.7","","C","106.7","","C","63.9","","C","","",""," "," "," "," "," "," "," "," "," "
"762","Tajikistan","743","N","Primary completion rate, both sexes","","","","","","","","","","","","","","","","98.9","","C","","","","73.8","","C","","","","90.8","","C","91.3","","C","95.6","","C","96.8","","C","94.9","","C","91.7","","C","101.0","","C","104.3","","C","92.4","","C","94.6","","C","97.7","","C","101.0","","C","102.6","","C","97.6","","C","","","","98.2","","C"," "," "," "," "," "," "," "," "," "
"764","Thailand","743","N","Primary completion rate, both sexes","","","","","","","","","","","","","","","","","","","","","","","","","","","","88.3","","E","84.7","","C","86.6","","C","","","","","","","","","","","","","","","","","","","","","","","","","","","","","","","","","","","","","","",""," "," "," "," "," "," "," "," "," "
"807","The former Yugoslav Republic of Macedonia","743","N","Primary completion rate, both sexes","","","","","","","","","","95.6","","C","97.0","","C","96.2","","C","98.8","","C","99.2","","C","102.0","","C","100.1","","C","95.4","","C","93.0","","C","93.8","","C","90.2","","C","89.6","","C","91.7","","C","91.3","","C","92.1","","C","93.2","","C","93.9","","C","","",""," "," "," "," "," "," ","","","","","",""," "," "," "," "," "," "," "," "," "
"626","Timor-Leste","743","N","Primary completion rate, both sexes","","","","","","","","","","","","","","","","","","","","","","","","","","","","","","","","","","","","","","","","","","","","","","","","","","",""," "," "," ","76.3","","C","65.4","","C","63.4","","C","71.0","","C","","","","","","","","",""," "," "," "," "," "," "," "," "," "
"768","Togo","743","N","Primary completion rate, both sexes","36.4","","C","36.4","","C","37.1","","C","","","","28.4","","C","40.3","","C","46.9","","C","","","","","","","56.4","","C","65.4","","C","72.1","","C"," "," "," ","72.3","","C","74.1","","C","73.4","","C","73.4","","C"," "," "," ","66.6","","C","66.2","","C","71.3","","C","73.5","","C","77.4","","C","81.3","","C","","",""," "," "," "," "," "," "," "," "," "
"772","Tokelau","743","N","Primary completion rate, both sexes","","","","","","","","","","","","","","","","","","","","","","","","","","","","","","","107.9","","C","156.1","","C","173.0","","C","115.6","","C","","","","","","","","","","","","","","","","","","","","","","","","","","","","","","","","",""," "," "," "," "," "," "," "," "," "
"776","Tonga","743","N","Primary completion rate, both sexes","127.8","","C","97.1","","C","","","","111.2","","C","","","","","","","","","","","","","107.8","","C","107.4","","C","","","","106.5","","C","","","","","","","","","","109.1","","C","104.0","","C","","","","","","","","","","","","","","","","100.3","","C","109.0","","C","","",""," "," "," "," "," "," "," "," "," "
"780","Trinidad and Tobago","743","N","Primary completion rate, both sexes","","","","99.8","","C","99.2","","C","97.3","","C","","","","","","","87.8","","C","89.8","","C","","","","100.1","","C","93.3","","C","86.7","","C","","","","89.3","","C","95.0","","C","91.9","","C","","","","95.7","","C","93.4","","C","95.6","","C","94.8","","C","","","","","","","","","","","",""," "," "," "," "," "," "," "," "," "
"788","Tunisia","743","N","Primary completion rate, both sexes","79.7","","C","73.5","","C","68.2","","C","72.6","","C","79.2","","C","89.4","","C","87.4","","C","90.7","","C","","","","90.8","","C","90.4","","C","91.0","","C","94.4","","C","96.6","","C","98.3","","C","99.8","","C"," "," "," ","101.3","","C","92.3","","C","90.1","","C","101.7","","C","","","","","","","97.8","","C","","",""," "," "," "," "," "," "," "," "," "
"792","Turkey","743","N","Primary completion rate, both sexes","93.1","","C","95.2","","C","100.9","","C","94.5","","C","94.5","","C","92.6","","C","","","","","","","","","","","","","","","","","","","","","","","","","97.7","","C","102.4","","C","99.2","","C","97.9","","C","99.6","","C","99.9","","C","100.2","","C","102.5","","C","101.4","","C"," "," "," ","","",""," "," "," "," "," "," "," "," "," "
"795","Turkmenistan","743","N","Primary completion rate, both sexes","","","","","","","","","","","","","","","","","","","","","","","","","","","","","","","","","","","","","","","","","","","","","","","","","","","","","","","","","","","","","","","","","","","","","","","","","","",""," "," "," "," "," "," "," "," "," "
"796","Turks and Caicos Islands","743","N","Primary completion rate, both sexes","","","","","","","","","","","","","","","","","","","","","","","","","","","","","","","","","","","","","","",""," "," "," ","96.3","","E","91.7","","E","","","","","","","","","","","","","","","","","","","","","","","","","","",""," "," "," "," "," "," "," "," "," "
"798","Tuvalu","743","N","Primary completion rate, both sexes","","","","","","","","","","","","","","","","","","","","","","","","","","","","","","","","","","101.7","","C","92.0","","C","96.1","","E","100.0","","E","106.3","","C","99.2","","C","","","","","","","","","","","","","","","","","","","86.4","","C","","",""," "," "," "," "," "," "," "," "," "
"800","Uganda","743","N","Primary completion rate, both sexes","","","","","","","","","","","","","","","","","","","","","","","","","","","","","","","","","","59.5","","C","61.4","","C","61.0","","C","57.3","","C","56.0","","E","","","","52.0","","C","56.6","","C","56.7","","C","55.3","","C","53.1","","C","","","","54.2","","C","","",""," "," "," "," "," "," "," "," "," "
"804","Ukraine","743","N","Primary completion rate, both sexes","100.2","","C","102.1","","C","93.8","","C","97.6","","C","94.3","","C","","","","","","","","","","96.4","","C","94.1","","C","91.4","","C","95.7","","C","98.2","","C","","","","","","","117.4","","C","104.6","","C","101.0","","C","98.6","","C","96.1","","C","98.9","","C","100.7","","C","102.8","","C","109.6","","C","","",""," "," "," "," "," "," "," "," "," "
"784","United Arab Emirates","743","N","Primary completion rate, both sexes","92.2","","C","98.8","","C","97.1","","C","94.4","","C","93.0","","C","90.9","","C","87.3","","C","91.0","","C","89.6","","C","89.2","","C"," "," "," "," "," "," "," "," "," "," "," "," ","90.3","","C","92.3","","C","92.0","","C","93.8","","C","","","","94.7","","C","101.3","","C","107.0","","C","110.6","","C"," "," "," ","","",""," "," "," "," "," "," "," "," "," "
"826","United Kingdom","743","N","Primary completion rate, both sexes","","","","","","","","","","","","","","","","","","","","","","","","","","","","","","","","","","","","","","","","","","","","","","","","","","","","","","","","","","","","","","","","","","","","","","","","","","",""," "," "," "," "," "," "," "," "," "
"834","United Republic of Tanzania","743","N","Primary completion rate, both sexes","","","","62.4","","C","55.1","","C","58.0","","C","55.6","","C","","","","","","","58.4","","C","48.4","","C","57.4","","C","49.5","","C","55.0","","C","59.1","","C","","","","58.1","","C","55.2","","C","72.4","","C","83.0","","E"," "," "," ","102.6","","C","89.5","","C","","","","80.8","","C","75.9","","C","","",""," "," "," "," "," "," "," "," "," "
"840","United States","743","N","Primary completion rate, both sexes","","","","","","","","","","","","","","","","","","","","","","","",""," "," "," "," "," "," "," "," "," ","","","","","","","","","","","","","","","","","","","","","","","","","","","","","","","","","","","","","","","","","",""," "," "," "," "," "," "," "," "," "
"850","United States Virgin Islands","743","N","Primary completion rate, both sexes","","","","","","","","","","","","","","","","","","","","","","","","","","","","","","","","","","","","","","","","","","","","","","","","","","","","","","","","","","","","","","","","","","","","","","","","","","",""," "," "," "," "," "," "," "," "," "
"858","Uruguay","743","N","Primary completion rate, both sexes","94.6","","C","94.9","","C","92.8","","C","94.5","","C","94.7","","C","94.3","","C","94.4","","C","95.8","","C","95.9","","C","96.3","","C","97.3","","C","95.4","","C","95.0","","C","91.9","","C","92.3","","C","95.5","","C","99.6","","C","104.2","","C","106.4","","C","105.8","","C","104.3","","C","","","","","","","","","","","",""," "," "," "," "," "," "," "," "," "
"860","Uzbekistan","743","N","Primary completion rate, both sexes","","","","","","","","","","","",""," "," "," ","99.6","","C","","","","","","","","","","96.0","","C","95.5","","C","100.9","","C","102.6","","C","97.2","","C","95.6","","C","97.4","","C","99.2","","C","97.1","","C","95.6","","C","92.4","","C","91.7","","C","91.8","","C","","","","","","","","",""," "," "," "," "," "," "," "," "," "
"548","Vanuatu","743","N","Primary completion rate, both sexes","","","","","","","83.7","","C","","","","75.0","","C","","","","","","","","","","94.3","","C","","","","92.1","","C","106.0","","C","","","","","","","90.8","","C","","","","","","","83.6","","C","81.1","","C","84.4","","C","83.6","","C","","","","","","","93.3","","C","","",""," "," "," "," "," "," "," "," "," "
"862","Venezuela","743","N","Primary completion rate, both sexes","78.3","","C","80.8","","C","84.4","","C","83.7","","C","","","","","","","80.6","","C","80.6","","C","","","","81.2","","E","83.0","","C","84.6","","E","91.5","","C","89.5","","C","89.7","","C","91.7","","C","95.6","","C","97.5","","C","95.1","","C","94.9","","C","93.6","","C","94.8","","C","96.0","","C","95.9","","C","","",""," "," "," "," "," "," "," "," "," "
"704","Viet Nam","743","N","Primary completion rate, both sexes","","","","","","","","","","","","","","","","","","","","","","","",""," "," "," ","97.9","","C","97.8","","C","102.9","","C","99.8","","C","98.5","","E","","","","92.0","","C","96.5","","E","","","","","","","","","","","","","103.2","","C","101.2","","C","97.5","","C","","",""," "," "," "," "," "," "," "," "," "
"732","Western Sahara","743","N","Primary completion rate, both sexes","","","","","","","","","","","","","","","","","","","","","","","","","","","","","","","","","","","","","","","","","","","","","","","","","","","","","","","","","","","","","","","","","","","","","","","","","","",""," "," "," "," "," "," "," "," "," "
"887","Yemen","743","N","Primary completion rate, both sexes","","","","","","","","","","","","","","","","","","","","","","","","","","","","55.6","","C","","","","59.3","","C","58.4","","E","61.6","","C","60.7","","E","60.5","","C","","","","","","","63.2","","C","","","","64.9","","C"," "," "," ","69.8","","C","70.1","","C","","",""," "," "," "," "," "," "," "," "," "
"894","Zambia","743","N","Primary completion rate, both sexes","","","","","","","","","","","","","","","","","","","","","","","","","68.2","","C","65.9","","C","63.4","","C"," "," "," ","63.2","","C","","","","74.9","","C","87.0","","C","88.3","","C","91.9","","C","95.5","","C","88.8","","C","101.4","","C"," "," "," ","91.3","","C","83.7","","C","","",""," "," "," "," "," "," "," "," "," "
"716","Zimbabwe","743","N","Primary completion rate, both sexes","","","","","","","","","","","","","","","","","","","","","","","","","","","","90.9","","C"," "," "," ","90.6","","C","84.5","","C","83.0","","E","","","","","",""," "," "," ","","","","","","","","","","","","","","","","92.0","","C","","","","","",""," "," "," "," "," "," "," "," "," "

Code, FootnoteText

Type, Name, Description
C,Country Data,"The figure is the one produced and disseminated by the country (including data adjusted BY THE COUNTRY to meet international standards)"
CA,Country Adjusted,"The figure is the one produced and provided by the country, but adjusted by the international agency for international comparabilitythat is to comply with internationally agreed standards, definitions and classifications (age group, ISCED, etc)"
E,Estimated,"The figure is estimated by the international agency, when corresponding country data on a specific year or set of years are not available, or when multiple sources exist, or there are issues of data quality.  Estimates are based on national data, such as surveys or administrative records, or other sources but on the same variable being estimated."
M,Modeled,"The figure is modeled by the agency when there is a complete lack of data on the variable being estimated. The model is based on a set of covariatesother variables for which data are available and that can explain the phenomenon."
G,Global monitoring data,"The figure is regularly produced by the designated agency for the global monitoring, based on country data. However, there is no corresponding figure at the country level, because the indicator is defined for international monitoring only (example: population below 1$ a day)"
N,Not Relevant,"The figure is not available because the indicator-as defined for the global monitoring-does not apply to the circumstances of the specific country, and therefore is not reported"
NA,Not Available,"A figure was not provided, or the "nature of data" - see other colors for the definition of "nature of data" - is unknown"
